id,kind,title,file_url,source_record,original,raw,source_file_sha256,body_sha256,extraction_status
1,legislation,Law on the National Bank of Moldova No 548-XIII of 21 July 1995,https://www.bnm.md/files/Law on the National Bank of Moldova no_ 548-XIII of July 21 1995_02_08_2024_2.pdf,https://www.bnm.md/en/content/law-national-bank-moldova-no548-xiii-july-21-1995,legal/original/001__Law on the National Bank of Moldova no_ 548-XIII of July 21 1995_02_08_2024_2.pdf,legal/documents/001__Law on the National Bank of Moldova no_ 548-XIII of July 21 1995_02_08_2024_2.pdf.md,5a40c03c1f3948038374ee3afe8f99c47096515b3d88835367b3baa05945cd7a,acf5ca80e89d2a29294afc805c4cbbaa58b1a24053b0388cd5fe192f275e9f27,text-extracted
2,legislation,Law on the National Bank of Moldova No 548-XIII of 21 July 1995,https://www.bnm.md/files/Law on the National Bank of Moldova no_ 548-XIII of July 21 1995_02_08_2024_1.docx,https://www.bnm.md/en/content/law-national-bank-moldova-no548-xiii-july-21-1995,legal/original/002__Law on the National Bank of Moldova no_ 548-XIII of July 21 1995_02_08_2024_1.docx,legal/documents/002__Law on the National Bank of Moldova no_ 548-XIII of July 21 1995_02_08_2024_1.docx.md,5667b5836a3186526e9b333f204fcfe26f154ee433b8f20251f54d3d48f3c4f9,f9eb81396fae57c65ee7133de3d69c06fdde66782dabfd9755c84370bb30c79f,text-extracted
3,legislation,Law on the activity of banks No 202 of 06 October 2017,https://www.bnm.md/files/EN_Law on the activity of banks no_202_2017.pdf,https://www.bnm.md/en/content/law-banks-activity-no-202-06-october-2017,legal/original/003__EN_Law on the activity of banks no_202_2017.pdf,legal/documents/003__EN_Law on the activity of banks no_202_2017.pdf.md,9972a5689265014ff45f8e88fb4958cbc995594139516d04c6963dc66aee1dd3,9a12a0ad6a3f3d965a7915332147b607076f7e957b63a220bc54ce1df32c7753,text-extracted
4,legislation,Law on the activity of banks No 202 of 06 October 2017,https://www.bnm.md/files/EN_Law on the activity of banks no_202_2017.doc,https://www.bnm.md/en/content/law-banks-activity-no-202-06-october-2017,legal/original/004__EN_Law on the activity of banks no_202_2017.doc,legal/documents/004__EN_Law on the activity of banks no_202_2017.doc.md,32c3acdadafe4b14a41f4f97180ef2b091c55620e513a945c3f344352ca089fc,78c71bf849247b0f941a792833725c6716387c5bfc93297ebeee7638e9bd89b1,text-extracted
5,legislation,"Law on supplementary supervision of banks, insurers/reinsurers and investment firms in a financial conglomerate No 250 of December 1, 2017 (in force on March 29, 2018)",https://www.bnm.md/files/Lege 250_Engleza.pdf,https://www.bnm.md/en/content/law-supplementary-supervision-banks-insurersreinsurers-and-investment-firms-financial,legal/original/005__Lege 250_Engleza.pdf,legal/documents/005__Lege 250_Engleza.pdf.md,a4d6b75e6bfdcfcf793edd5e1af2c7bcfe9ac99ead360ce1c0e958ee637ce893,0073b892c8a18b4b77122b32142e207e9900ec05476683286eff77a85c4a08bc,text-extracted
6,legislation,"Law on supplementary supervision of banks, insurers/reinsurers and investment firms in a financial conglomerate No 250 of December 1, 2017 (in force on March 29, 2018)",https://www.bnm.md/files/Lege 250_Engleza.doc,https://www.bnm.md/en/content/law-supplementary-supervision-banks-insurersreinsurers-and-investment-firms-financial,legal/original/006__Lege 250_Engleza.doc,legal/documents/006__Lege 250_Engleza.doc.md,3e5fdde157f45a6b6b2086bffe4fd92ff46b74aadf4f8bdb75cd1d3626c45179,fd09ddefcf7e9c83f3a4133f8ade38027a86638e74c10a0783f36da2c677de82,text-extracted
7,legislation,"Law on Banks Recovery and Resolution No 232, as of 03.10.2016","https://www.bnm.md/files/Law on Banks Recovery and Resolution no 232, as of 03_10_2016.pdf",https://www.bnm.md/en/content/law-banks-recovery-and-resolution-no-232-03102016,"legal/original/007__Law on Banks Recovery and Resolution no 232, as of 03_10_2016.pdf","legal/documents/007__Law on Banks Recovery and Resolution no 232, as of 03_10_2016.pdf.md",a7cf03970af823be3a180985c72805d8554cf213827332f828163ca330b5be8e,d07e18d87b1a7f4bdeb4478c3fd9f8d77c26cb06af15adab9b819ec86ac24260,text-extracted
8,legislation,"Law on Banks Recovery and Resolution No 232, as of 03.10.2016","https://www.bnm.md/files/Law on Banks Recovery and Resolution no 232, as of 03_10_2016.docx",https://www.bnm.md/en/content/law-banks-recovery-and-resolution-no-232-03102016,"legal/original/008__Law on Banks Recovery and Resolution no 232, as of 03_10_2016.docx","legal/documents/008__Law on Banks Recovery and Resolution no 232, as of 03_10_2016.docx.md",d8d2855dcab57a916d4dc2c6e0bcc04c07a6f99b8f73ccc40a3ea6ef692cc078,14056584ab7c201d5337d9f49cbfc76b7f7bbe4c96305515764aea2422332d5e,text-extracted
9,legislation,Law on banks liquidation No 550 of 21 July 1995,"https://www.bnm.md/files/Law on banks liquidation no 550-XIII, as of 21_07_1995.pdf",https://www.bnm.md/en/content/law-financial-institutions-no-550-xiii-21071995,"legal/original/009__Law on banks liquidation no 550-XIII, as of 21_07_1995.pdf","legal/documents/009__Law on banks liquidation no 550-XIII, as of 21_07_1995.pdf.md",25ed66c21f86a4c23e5b1e271f5d8b9b4d0b02447c12c8a0da0b85dbbb2536f3,c2ac541e7134893dcd8513f9067f7e2c07d308ff7d3815cf809c6a5750b5f12d,text-extracted
10,legislation,Law on banks liquidation No 550 of 21 July 1995,"https://www.bnm.md/files/Law on banks liquidation no 550-XIII, as of 21_07_1995.doc",https://www.bnm.md/en/content/law-financial-institutions-no-550-xiii-21071995,"legal/original/010__Law on banks liquidation no 550-XIII, as of 21_07_1995.doc","legal/documents/010__Law on banks liquidation no 550-XIII, as of 21_07_1995.doc.md",71090e3b48cfa4202c6caa49fae0d453123d099bb27b0d9903c03c1a9c63cd55,cc727733ac363de77e45963ef78d3bf428447fb6efa1a110f0f572e8f84739e4,text-extracted
11,legislation,"Law No 94 of May 13, 2016 on amending and supplementing Law no. 62-XVI of March 21, 2008 on foreign exchange regulation",https://www.bnm.md/files/Recomandare%20OCDE_ro.pdf,https://www.bnm.md/ro/content/lege-pentru-modificarea-si-completarea-legii-nr-62-xvi-din-21-martie-2008-privind,legal/original/011__Recomandare OCDE_ro.pdf,legal/documents/011__Recomandare OCDE_ro.pdf.md,a59d5651f1db4d51c412fe855454abf361b2fbd57d6c72209e9f6a3370bf21b7,ca7b037dd4acf5a3cc634646bc90135243d7457ff0ca6de1d41b2f063c598c17,text-extracted
12,legislation,"Law No 94 of May 13, 2016 on amending and supplementing Law no. 62-XVI of March 21, 2008 on foreign exchange regulation",https://www.bnm.md/files/Nota tehnică - Indicele prețului imobilului rezidențial.pdf,https://www.bnm.md/ro/content/lege-pentru-modificarea-si-completarea-legii-nr-62-xvi-din-21-martie-2008-privind,legal/original/012__Nota tehnică - Indicele prețului imobilului rezidențial.pdf,legal/documents/012__Nota tehnică - Indicele prețului imobilului rezidențial.pdf.md,1b43e58476a8445f20f9c342fafb7dda1b997c8adfa8a06ed89ae34ddf3a279d,2bc35f95480ed390e060bfc38ac31c40258593c43121818155136861cecf9574,text-extracted
13,legislation,"Law No 94 of May 13, 2016 on amending and supplementing Law no. 62-XVI of March 21, 2008 on foreign exchange regulation",https://www.bnm.md/files/Strategia%20privind%20politica%20macroprudentiala_v3_1.pdf,https://www.bnm.md/ro/content/lege-pentru-modificarea-si-completarea-legii-nr-62-xvi-din-21-martie-2008-privind,legal/original/013__Strategia privind politica macroprudentiala_v3_1.pdf,legal/documents/013__Strategia privind politica macroprudentiala_v3_1.pdf.md,b119f0434de3a5f705f804bfb684f11f0b2be65f30948414c1f49857b01e399f,c1abb733cb0b633ea73266188db312b9c78dc89183fbb556c56c498577305411,text-extracted
14,legislation,"Law No 94 of May 13, 2016 on amending and supplementing Law no. 62-XVI of March 21, 2008 on foreign exchange regulation",https://www.bnm.md/files/ISAP1_Final_WebVersion.pdf,https://www.bnm.md/ro/content/lege-pentru-modificarea-si-completarea-legii-nr-62-xvi-din-21-martie-2008-privind,legal/original/014__ISAP1_Final_WebVersion.pdf,legal/documents/014__ISAP1_Final_WebVersion.pdf.md,ccdb647229c2a8326a9d72105000350b99813bffc195d4671b0ca212fbcd8420,73dca400f47e6eaffc7ba4d52c157a255f167b0f15408309890526636f957259,text-extracted
15,legislation,"Law No 94 of May 13, 2016 on amending and supplementing Law no. 62-XVI of March 21, 2008 on foreign exchange regulation",https://www.bnm.md/files/Nota%20tehnică%20-%20Indicele%20prețului%20imobilului%20rezidențial.pdf,https://www.bnm.md/ro/content/lege-pentru-modificarea-si-completarea-legii-nr-62-xvi-din-21-martie-2008-privind,legal/original/015__Nota tehnică - Indicele prețului imobilului rezidențial.pdf,legal/documents/015__Nota tehnică - Indicele prețului imobilului rezidențial.pdf.md,1b43e58476a8445f20f9c342fafb7dda1b997c8adfa8a06ed89ae34ddf3a279d,6d0cd142dd56fcef572cefa5fe49cf300a4d1d5687bbc46af128946589135264,text-extracted
16,legislation,Law on Foreign Exchange Regulation No 62-XVI of 21 March 2008,https://www.bnm.md/files/Law on foreign exchange regulation No 62-2008_dp L 327-2025.pdf,https://www.bnm.md/en/content/law-foreign-exchange-regulation-no-62-xvi-21-march-2008,legal/original/016__Law on foreign exchange regulation No 62-2008_dp L 327-2025.pdf,legal/documents/016__Law on foreign exchange regulation No 62-2008_dp L 327-2025.pdf.md,d3f8e1d1c80f36fec136a723835e3f383e4ae5a3fa957875dc762094ae715d1f,1d205075644d39d29371987fd47d1d0b045e2c9f37ad0de4500a0334575c8b20,text-extracted
17,legislation,Law on Foreign Exchange Regulation No 62-XVI of 21 March 2008,https://www.bnm.md/files/Law on foreign exchange regulation No 62-2008_dp L 327-2025.docx,https://www.bnm.md/en/content/law-foreign-exchange-regulation-no-62-xvi-21-march-2008,legal/original/017__Law on foreign exchange regulation No 62-2008_dp L 327-2025.docx,legal/documents/017__Law on foreign exchange regulation No 62-2008_dp L 327-2025.docx.md,4d9d76b3045a98d985a90da052bb5423217f54289a73ab9b3f9de735bdfeff40,4a4569fed412ead8d05fb5bb6eba58792271124c75ec4268a37a948379ff7e13,text-extracted
18,legislation,"Law on Payment Services and Electronic Money, No 114 of 18 May 2012","https://www.bnm.md/files/Law on Payment Services and Electronic Money, no_114-2012_1.pdf",https://www.bnm.md/en/content/law-payment-services-and-electronic-money-no-114-18052012,"legal/original/018__Law on Payment Services and Electronic Money, no_114-2012_1.pdf","legal/documents/018__Law on Payment Services and Electronic Money, no_114-2012_1.pdf.md",be3c7d5b4e322f02e5f6a0c33312db9c492e5d3c7cc18496a8266acac7ea4701,fb8029007735b2968be21013d18d9987f4cf40d088bd3669a09a1811b774201d,text-extracted
19,legislation,"Law on Payment Services and Electronic Money, No 114 of 18 May 2012","https://www.bnm.md/files/Law on Payment Services and Electronic Money, no_114-2012_1.doc",https://www.bnm.md/en/content/law-payment-services-and-electronic-money-no-114-18052012,"legal/original/019__Law on Payment Services and Electronic Money, no_114-2012_1.doc","legal/documents/019__Law on Payment Services and Electronic Money, no_114-2012_1.doc.md",04369ef8567302546dbb500e00e19e6fbcecc9d4e8a663121b67645c88471876,a409aa730f78263050c86e2f37d4bda21266640ff192a4ee82b1c4615afd8d34,text-extracted
20,legislation,"Law on Single Central Securities Depository No 234 as of October 3, 2016",https://www.bnm.md/files/Law on Single Central Securities Depository no 234_2016.pdf,https://www.bnm.md/en/content/law-single-central-securities-depository-no-234-october-3-2016,legal/original/020__Law on Single Central Securities Depository no 234_2016.pdf,legal/documents/020__Law on Single Central Securities Depository no 234_2016.pdf.md,3b72585f1bd1738cd2747593b268552b5966806c9981fb0c75c97030b565d8aa,15142da93d19966191a78301f1f3d88cfefca50d6b00b27c405cf601b16630d8,text-extracted
21,legislation,"Law on Single Central Securities Depository No 234 as of October 3, 2016",https://www.bnm.md/files/Law on Single Central Securities Depository no 234_2016.doc,https://www.bnm.md/en/content/law-single-central-securities-depository-no-234-october-3-2016,legal/original/021__Law on Single Central Securities Depository no 234_2016.doc,legal/documents/021__Law on Single Central Securities Depository no 234_2016.doc.md,0757e2a1933f4cedac674b9f3888979eb36ee389a009c880db85a9079eaa4a38,93eb7356d08d3887baa8d2c284ffe6fa2ebe8f933afaf9dbc15fa28ad1260f32,text-extracted
22,legislation,Law No 363/2022 amending some normative acts,https://www.bnm.md/files/L 363 2022 ro.pdf,https://www.bnm.md/ro/content/legea-nr3632022-pentru-modificarea-unor-acte-normative,legal/original/022__L 363 2022 ro.pdf,legal/documents/022__L 363 2022 ro.pdf.md,b7517920ec5e217fa1d7e1e7176474c4363e759d3ddef3acb21cbba4424b047c,bfa5455667f3ef9b1017dd1e9865550f5aaf7c863628f90a7f69f5389ac4fa1a,text-extracted
23,legislation,Law No 363/2022 amending some normative acts,https://www.bnm.md/files/L 363 2022 ro.doc,https://www.bnm.md/ro/content/legea-nr3632022-pentru-modificarea-unor-acte-normative,legal/original/023__L 363 2022 ro.doc,legal/documents/023__L 363 2022 ro.doc.md,1d2e470c27d6ce734cd163cc10f7aae65c9b625a20a4ec87ccab27169cfc3558,20cee9bc12bbc0b7f8a8442d4d84e4842f27bd0ee396ed410b63290c595ab9d5,text-extracted
24,legislation,Law on non-bank credit organizations no. 1 of 16 march 2018,https://www.bnm.md/files/Law no_1-2018_NBCO_(OCN).pdf,https://www.bnm.md/en/content/law-non-bank-credit-organizations-no-1-16-march-2018,legal/original/024__Law no_1-2018_NBCO_(OCN).pdf,legal/documents/024__Law no_1-2018_NBCO_(OCN).pdf.md,0c4120f687c981a770b23ac43dc710373860bcde4b7d9c095b973c4bb7bf0854,30055d261b753040d2b71402d34b6e674bb4d80e8c2caecc3b0535853c47f80b,text-extracted
25,legislation,Law on non-bank credit organizations no. 1 of 16 march 2018,https://www.bnm.md/files/Law no_1-2018_NBCO_(OCN)___.docx,https://www.bnm.md/en/content/law-non-bank-credit-organizations-no-1-16-march-2018,legal/original/025__Law no_1-2018_NBCO_(OCN).docx,legal/documents/025__Law no_1-2018_NBCO_(OCN).docx.md,c368ba9c87d489840a04edfe46d9b415ef0829a465744c888bdd5747f25472d4,8d473edf3f9a1c0f48b25d98533f2a23409377eea94b20272185892faf711d5c,text-extracted
26,legislation,Law on Savings and Loan Associations No 139-XVI of 21 June 2007,https://www.bnm.md/files/Law no_139-2007_SLA_(AEI).pdf,https://www.bnm.md/en/content/law-savings-and-loan-associations-no-139-xvi-21-june-2007,legal/original/026__Law no_139-2007_SLA_(AEI).pdf,legal/documents/026__Law no_139-2007_SLA_(AEI).pdf.md,805df56328bbc806ce2cbf45d9458d381a7118fa5fb1ea47a371edf1658d8191,e53b7c9ebf856c07147f307d8f646abd0efa073ff0fa5edfc28c8fe02ac7bbe8,text-extracted
27,legislation,Law on Savings and Loan Associations No 139-XVI of 21 June 2007,https://www.bnm.md/files/Law no_139-2007_SLA_(AEI) --.docx,https://www.bnm.md/en/content/law-savings-and-loan-associations-no-139-xvi-21-june-2007,legal/original/027__Law no_139-2007_SLA_(AEI) --.docx,legal/documents/027__Law no_139-2007_SLA_(AEI) --.docx.md,eeea7a9c486f2d95e957eff34019fa79e09502862fc57d1a5159a1729e605799,8d8b2234b120544f611dfdf82cc5374ccda79769ef3a38fff5f3aa1f01179ea5,text-extracted
28,legislation,"Law on bureaus of credit history No 122-XVI of 29 May, 2008",https://www.bnm.md/files/Law no_122-2008_BCH_(BIC).pdf,https://www.bnm.md/en/content/law-bureaus-credit-history-no-122-xvi-29-may-2008,legal/original/028__Law no_122-2008_BCH_(BIC).pdf,legal/documents/028__Law no_122-2008_BCH_(BIC).pdf.md,6ff7e989cf192111730e163ac2a316e57cb08f59da5f35c7902c3a7af62c50da,0b921e1f169ec50184569460bb07ecda22b8efdb949dac5d8dd27f3529019ffa,text-extracted
29,legislation,"Law on bureaus of credit history No 122-XVI of 29 May, 2008",https://www.bnm.md/files/Law no_122-2008_BCH_(BIC).docx,https://www.bnm.md/en/content/law-bureaus-credit-history-no-122-xvi-29-may-2008,legal/original/029__Law no_122-2008_BCH_(BIC).docx,legal/documents/029__Law no_122-2008_BCH_(BIC).docx.md,b9386bf2ea20aa0abd1012431c25fb92b142b4891adf86b107ca76be4432efc1,81d256e4398cc7656c660a1c2dbf156257e78e8575d2340dcdd93d0de1974260,text-extracted
30,legislation,Law on compulsory motor third party liability insurance for damages caused by vehicles No.106 of 21 april 2022,https://www.bnm.md/files/Law No_ 106-2022_MTPL_ ENG (2).pdf,https://www.bnm.md/en/content/law-compulsory-motor-third-party-liability-insurance-damages-caused-vehicles-no106-21-april,legal/original/030__Law No_ 106-2022_MTPL_ ENG (2).pdf,legal/documents/030__Law No_ 106-2022_MTPL_ ENG (2).pdf.md,1771fccceba34a178131d231d5827f89b898faa2c958e0439200540e078f2dc5,083395542714af4439f02384aa50e41e9d552c4e5e1c0e93c6e43b45e2d91310,text-extracted
31,legislation,Law on compulsory motor third party liability insurance for damages caused by vehicles No.106 of 21 april 2022,https://www.bnm.md/files/Law No_ 106-2022_MTPL_ ENG (2).docx,https://www.bnm.md/en/content/law-compulsory-motor-third-party-liability-insurance-damages-caused-vehicles-no106-21-april,legal/original/031__Law No_ 106-2022_MTPL_ ENG (2).docx,legal/documents/031__Law No_ 106-2022_MTPL_ ENG (2).docx.md,f7a763f07ce0d8066f9bed48073e4b5d50a8f08c0e6036807b5c8eefb6b61c89,b9baaecd8081225ddcb892469840ce85692d2455f65d7317017442a230577630,text-extracted
32,legislation,"Law on the business of insurance and reinsurance No 92 of April 7th, 2022",https://www.bnm.md/files/Law No_92-22_Insurance_ENG_ (1).pdf,https://www.bnm.md/en/content/law-business-insurance-and-reinsurance-no-92-april-7th-2022,legal/original/032__Law No_92-22_Insurance_ENG_ (1).pdf,legal/documents/032__Law No_92-22_Insurance_ENG_ (1).pdf.md,297f1273a4c6d9e833ce254e2981dd730dba1236c96c7d0d1f0895ee43e416e6,27f5320ec034fd46718d615dad1170d00166e59f4079c8789e2c4fe67f67ad87,text-extracted
33,legislation,"Law on the business of insurance and reinsurance No 92 of April 7th, 2022",https://www.bnm.md/files/Law No_92-22_Insurance_ENG_ (1).docx,https://www.bnm.md/en/content/law-business-insurance-and-reinsurance-no-92-april-7th-2022,legal/original/033__Law No_92-22_Insurance_ENG_ (1).docx,legal/documents/033__Law No_92-22_Insurance_ENG_ (1).docx.md,2cf798b9e1d96629626bc79ef51e273b0c206732eee519665e8cfcce4dc7e5b5,63d88289b1924f91f4c3ec5af6bdfd28ec806ce0f0d618568cf589e79807d900,text-extracted
34,legislation,Law on transparency in the decision-making process no. 239-XVI of 13.11.2008,https://www.bnm.md/files/ENG_Legea 239.pdf,https://www.bnm.md/en/content/law-transparency-decision-making-process-no-239-xvi-13112008,legal/original/034__ENG_Legea 239.pdf,legal/documents/034__ENG_Legea 239.pdf.md,42e1e29b1190857fc4843fcc2f67012e375b7ace571e2b8cf696c43af0216488,11a4817956ceeb31d671e88d7c1371e045df6c0723bb364ce6c65789f2421ee4,text-extracted
35,legislation,Law on transparency in the decision-making process no. 239-XVI of 13.11.2008,https://www.bnm.md/files/ENG_Legea 239.docx,https://www.bnm.md/en/content/law-transparency-decision-making-process-no-239-xvi-13112008,legal/original/035__ENG_Legea 239.docx,legal/documents/035__ENG_Legea 239.docx.md,46bf33a65869da8be18a3d3db3ba4aa432d28dc0dc8327d81123da82bcd73c70,e8f0634c414f116696f0fcd9e378f800dbe1b4ac599e07e38a43258af61b618d,text-extracted
36,legislation,"Regulation on responsible lending to consumers, approved by the Decision No 60 of 12 March 2026",https://www.bnm.md/files/Regulation on responsible lending to individuals.pdf,https://www.bnm.md/en/content/regulation-responsible-lending-consumers-approved-decision-no-60-12-march-2026-effect,legal/original/036__Regulation on responsible lending to individuals.pdf,legal/documents/036__Regulation on responsible lending to individuals.pdf.md,5f16fe8dd20670e242a7e8c3dc2a3959d2430bfe0a00455adb6e7a345bcfc8bf,330fe159620eb99d71277640935ff8b1d1e7c31e01461d222467056ab056b288,text-extracted
37,legislation,"Regulation on responsible lending to consumers, approved by the Decision No 60 of 12 March 2026",https://www.bnm.md/files/Regulation on responsible lending to individuals.docx,https://www.bnm.md/en/content/regulation-responsible-lending-consumers-approved-decision-no-60-12-march-2026-effect,legal/original/037__Regulation on responsible lending to individuals.docx,legal/documents/037__Regulation on responsible lending to individuals.docx.md,8730f604a74b47f53657d2b30c4edf08bafe39a8dc9396f7b60a5e08d1065d73,07710e04bdd1692cbf9b17f5862bc0dd3bf1d7a72cc014e6b2487b8e55ba9f07,text-extracted
38,legislation,EBD 176/2025 On the approval of the Regulation on the leverage and the amendment of certain normative acts of the National Bank of Moldova,https://www.bnm.md/files/Regulation leverage ratio 176 2025 eng_1.pdf,https://www.bnm.md/en/content/regulation-leverage-banks-approved-decision-executive-board-national-bank-moldova-no274-10,legal/original/038__Regulation leverage ratio 176 2025 eng_1.pdf,legal/documents/038__Regulation leverage ratio 176 2025 eng_1.pdf.md,96c305c78dabe347b848ec724592a176d2ba00bf68e292e55a5c393eb2e91ad4,85cefc9b3d48fd0362a868d3be4f04e3a102c4bbc84d61fa621d7284a67464d9,text-extracted
39,legislation,EBD 176/2025 On the approval of the Regulation on the leverage and the amendment of certain normative acts of the National Bank of Moldova,https://www.bnm.md/files/Regulation leverage ratio 176 2025 eng_1.docx,https://www.bnm.md/en/content/regulation-leverage-banks-approved-decision-executive-board-national-bank-moldova-no274-10,legal/original/039__Regulation leverage ratio 176 2025 eng_1.docx,legal/documents/039__Regulation leverage ratio 176 2025 eng_1.docx.md,9c2e3318a971ee5e56a1699e863db52abe0697d4325c86bf52b78fc6f42840f3,9cff302e3173ba76069c429747c9ed7153c28a3b0c861b452a8b797ad30a4d1a,text-extracted
40,legislation,"Regulation on the Supervision of Foreign Exchange Entities, approved by the Decision of the Executive Board of the NBM No 163 of 17 July 2025 (in force from 30 July 2025)",https://www.bnm.md/files/1_2 HCE_Reg supraveghere_USV ENG.pdf,https://www.bnm.md/en/content/regulation-supervision-foreign-exchange-entities-approved-decision-executive-board-nbm-no,legal/original/040__1_2 HCE_Reg supraveghere_USV ENG.pdf,legal/documents/040__1_2 HCE_Reg supraveghere_USV ENG.pdf.md,1481d7781cbb04fb1eb37f6ce963a0295f7c53deaa9e6b31dae0aebd65489adb,3a66be657070177327590db3f0c596f2356ce22e2aa6be6ebd479d5aa1b6b1dd,text-extracted
41,legislation,"Regulation on the Supervision of Foreign Exchange Entities, approved by the Decision of the Executive Board of the NBM No 163 of 17 July 2025 (in force from 30 July 2025)",https://www.bnm.md/files/1_2 HCE_Reg supraveghere_USV ENG.docx,https://www.bnm.md/en/content/regulation-supervision-foreign-exchange-entities-approved-decision-executive-board-nbm-no,legal/original/041__1_2 HCE_Reg supraveghere_USV ENG.docx,legal/documents/041__1_2 HCE_Reg supraveghere_USV ENG.docx.md,9b23b3ebd16acfdb46f6a363d80502cf4f71e5aa08fc0e8ebeddc1c96d68d59a,619a1c9fd7c7c53433ec98993b0a1e5312aff4138514308d3d2dbcc1b3fc30d6,text-extracted
42,legislation,"EBD 329/2024 On approval, amendment and repeal of some normative acts Of the National Bank of Moldova (on liquidity coverage requirement and stable funding requirement)",https://www.bnm.md/files/Reg LCR NSFR 329 2024 eng.pdf,https://www.bnm.md/en/content/ebd-3292024-approval-amendment-and-repeal-some-normative-acts-national-bank-moldova,legal/original/042__Reg LCR NSFR 329 2024 eng.pdf,legal/documents/042__Reg LCR NSFR 329 2024 eng.pdf.md,36334081e66d007cdccaf4b847d676acdcc03935fa8e15317e61a0b76610968c,e6d37349e4dc49b50f5b560622af7b958930d620f249b4eeb3ae6d7a2012b8c6,text-extracted
43,legislation,"EBD 329/2024 On approval, amendment and repeal of some normative acts Of the National Bank of Moldova (on liquidity coverage requirement and stable funding requirement)",https://www.bnm.md/files/Reg LCR NSFR 329 2024 eng_1.docx,https://www.bnm.md/en/content/ebd-3292024-approval-amendment-and-repeal-some-normative-acts-national-bank-moldova,legal/original/043__Reg LCR NSFR 329 2024 eng_1.docx,legal/documents/043__Reg LCR NSFR 329 2024 eng_1.docx.md,eec91727c403492543eaef22dd36c00cdd8ed9e79eba9ee31418c4b569eac31d,909c9da8aed3d6486c44fd995362aac3748ea702bc43d8863c612e194e5fbc64,text-extracted
44,legislation,"The Regulation on the requirements for the identification and verification of customers’ identities by electronic means, approved by the Decision No 281 of 7 November 2024",https://www.bnm.md/files/Decision n 281 of 7 November 2024 ENGL.pdf,https://www.bnm.md/en/content/regulation-requirements-identification-and-verification-customers-identities-electronic,legal/original/044__Decision n 281 of 7 November 2024 ENGL.pdf,legal/documents/044__Decision n 281 of 7 November 2024 ENGL.pdf.md,a0a690acec15e1ceb17ad8093745e57df7556ec45ccbfc8c14c03fd3b37413e1,c1e6bd481a07484dabb290cc5df94b7ccb0c518a438b37cd541c6a59572537e1,text-extracted
45,legislation,"The Regulation on the requirements for the identification and verification of customers’ identities by electronic means, approved by the Decision No 281 of 7 November 2024",https://www.bnm.md/files/Decision n 281 of 7 November 2024 ENGL.docx,https://www.bnm.md/en/content/regulation-requirements-identification-and-verification-customers-identities-electronic,legal/original/045__Decision n 281 of 7 November 2024 ENGL.docx,legal/documents/045__Decision n 281 of 7 November 2024 ENGL.docx.md,7f1e6b68b79dd56b28774295b264c49c181ce02dfa0bac31ca06bd0d3b471891,4e73a6bde165dd8e70ad08ac68a0047367ebe6e9a19cae420cf7a8036e861dcf,text-extracted
46,legislation,"Regulation on carrying out controls and application of sanctions to foreign exchange entities, approved by the Decision of the Executive Board of the NBM No 187/2023",https://www.bnm.md/files/Reg ctrl_sanct USV_en_final.pdf,https://www.bnm.md/en/content/regulation-carrying-out-controls-and-application-sanctions-foreign-exchange-entities,legal/original/046__Reg ctrl_sanct USV_en_final.pdf,legal/documents/046__Reg ctrl_sanct USV_en_final.pdf.md,d3f952c9f086b83e5df6d6b2a869fc113773687657d2597950c6b408e041ea20,e296b9e07b841c9f2da5c2b771a7c7093a452dd0a9b77c67dbf2db3022cad3f7,text-extracted
47,legislation,"Regulation on carrying out controls and application of sanctions to foreign exchange entities, approved by the Decision of the Executive Board of the NBM No 187/2023",https://www.bnm.md/files/Reg ctrl_sanct USV_en_final.docx,https://www.bnm.md/en/content/regulation-carrying-out-controls-and-application-sanctions-foreign-exchange-entities,legal/original/047__Reg ctrl_sanct USV_en_final.docx,legal/documents/047__Reg ctrl_sanct USV_en_final.docx.md,104bccbb542b071e94422a9926d937a1b5e004b684d53bbbe832095036a7ddef,97d08f12351bc9d872298ac491a2a40f877082fb2a38611f22852050babf4eaa,text-extracted
48,legislation,Regulation on the calculation and payment of contributions to the bank resolution fund No 74 of 20.03.2020,https://www.bnm.md/files/3_ Regulation  - contributions to the Bank Resolution Fund  (en) (1).pdf,https://www.bnm.md/en/content/regulation-calculation-and-payment-contributions-bank-resolution-fund-no-74-20032020,legal/original/048__3_ Regulation - contributions to the Bank Resolution Fund (en) (1).pdf,legal/documents/048__3_ Regulation - contributions to the Bank Resolution Fund (en) (1).pdf.md,0d04f11aa02fc4bd86efe7114f095963698c6cbdc5da1438ce1adcf6078f603f,abc39cbf5e399b45a5f911690d8533ee09516edd08eb03a28338b987ca13b21f,text-extracted
49,legislation,Regulation on the calculation and payment of contributions to the bank resolution fund No 74 of 20.03.2020,https://www.bnm.md/files/3_ Regulation  - contributions to the Bank Resolution Fund  (en) (1)_1.doc,https://www.bnm.md/en/content/regulation-calculation-and-payment-contributions-bank-resolution-fund-no-74-20032020,legal/original/049__3_ Regulation - contributions to the Bank Resolution Fund (en) (1)_1.doc,legal/documents/049__3_ Regulation - contributions to the Bank Resolution Fund (en) (1)_1.doc.md,1cabe63a85196cc4a6c0a57f8a9c446217c135d38645427368fa9022a9cbb416,1dc6a9f9de540f715fade138560e293190056965c8b81918fe1695d09ac03556,text-extracted
50,legislation,"Regulation on consolidated supervision of banks, approved by the Decision of the Executive Board of the NBM no 101 of 16.04.2020",https://www.bnm.md/files/Consolidation Regulation (1).pdf,https://www.bnm.md/en/content/regulation-consolidated-supervision-banks,legal/original/050__Consolidation Regulation (1).pdf,legal/documents/050__Consolidation Regulation (1).pdf.md,f5f1723ac9b60c286cfb938c9cbba09b0e824cd9a7bfa3d334f15b5a3e1ab79c,384d234bdadade232186ef66a695db10999281e97223716bf6fdf8f65e76d489,text-extracted
51,legislation,"Regulation on consolidated supervision of banks, approved by the Decision of the Executive Board of the NBM no 101 of 16.04.2020",https://www.bnm.md/files/Consolidation Regulation (1).docx,https://www.bnm.md/en/content/regulation-consolidated-supervision-banks,legal/original/051__Consolidation Regulation (1).docx,legal/documents/051__Consolidation Regulation (1).docx.md,a490c217ff00a6432f01eef5f21295fbfd71039cc2895bcc66d3acd82f9c03e7,efed01915449fcaee9dc16670c2c9a4cf356594781d4dbbc7d952392f9faaae5,text-extracted
52,legislation,"Regulation on Certain Aspects Related to Export and Import of Cash and of Traveller’s Cheques by Banks, approved by DEB of the NBM No 165 of June 14, 2019",https://www.bnm.md/files/1_en_reg exp imp b_hce165_ro_dp publ.pdf,https://www.bnm.md/en/content/regulation-certain-aspects-related-export-and-import-cash-and-travellers-cheques-banks,legal/original/052__1_en_reg exp imp b_hce165_ro_dp publ.pdf,legal/documents/052__1_en_reg exp imp b_hce165_ro_dp publ.pdf.md,26053c3e285cd911545c057bbf481cc236940c4c6c144855abb32170f2e08d03,20489399a8cd9462c0eb1c3998d362214ba67b1ad436a5d122b3d33bf2428f53,text-extracted
53,legislation,"Regulation on Certain Aspects Related to Export and Import of Cash and of Traveller’s Cheques by Banks, approved by DEB of the NBM No 165 of June 14, 2019",https://www.bnm.md/files/1_en_reg exp imp b_hce165_ro_dp publ.doc,https://www.bnm.md/en/content/regulation-certain-aspects-related-export-and-import-cash-and-travellers-cheques-banks,legal/original/053__1_en_reg exp imp b_hce165_ro_dp publ.doc,legal/documents/053__1_en_reg exp imp b_hce165_ro_dp publ.doc.md,5f048c315a989ec87058fa23782d596861fd07f141035c95ebf892ac1b0e925c,a876ef7625989f055ef306d4da548f14da6dace57797297fd05e7df41a6793a5,text-extracted
54,legislation,"Regulation on regulatory technical standards on the supplementary supervision of financial conglomerates, approved by the Decision of the Executive Board of the National Bank of Moldova No 31 of February 13, 2020",https://www.bnm.md/files/Financial conglomerates regulation.pdf,https://www.bnm.md/en/content/regulation-regulatory-technical-standards-supplementary-supervision-financial-conglomerates,legal/original/054__Financial conglomerates regulation.pdf,legal/documents/054__Financial conglomerates regulation.pdf.md,1b335db646b7edc9596bde2d2936d8617abd415985704c521fcbdc0321ebcf56,8db4eb04e87b3d97d9e118447b6b0d421e21d3ca33137e81c17042e17d415460,text-extracted
55,legislation,"Regulation on regulatory technical standards on the supplementary supervision of financial conglomerates, approved by the Decision of the Executive Board of the National Bank of Moldova No 31 of February 13, 2020",https://www.bnm.md/files/Financial conglomerates regulation.docx,https://www.bnm.md/en/content/regulation-regulatory-technical-standards-supplementary-supervision-financial-conglomerates,legal/original/055__Financial conglomerates regulation.docx,legal/documents/055__Financial conglomerates regulation.docx.md,5cdf2682bc0edcd50be1172c6eda73305eae28090b086ed32b93cb5ac9cd9632,2cbac272495e5ab3c38ba3a87d1cf35578ad6604a503dfcddaf14e0203bcd33d,text-extracted
56,legislation,"Regulation on the requirements for publication of information by banks, approved by the Decision of the Executive Board of the National Bank of Moldova, No. 158 of 9 July 2020",https://www.bnm.md/files/EN_Regulamentul nr_158 din 2020 cu privire la cerintele de publicare.pdf,https://www.bnm.md/en/content/regulation-requirements-publication-information-banks-approved-decision-executive-board,legal/original/056__EN_Regulamentul nr_158 din 2020 cu privire la cerintele de publicare.pdf,legal/documents/056__EN_Regulamentul nr_158 din 2020 cu privire la cerintele de publicare.pdf.md,208a991ae469994b512a30b1958852244f5aadc1bb52e7897977ec16b1e142ac,7b31139d785949380074e3270fd60ae71934517ee1e9da876baf175269960577,text-extracted
57,legislation,"Regulation on the requirements for publication of information by banks, approved by the Decision of the Executive Board of the National Bank of Moldova, No. 158 of 9 July 2020",https://www.bnm.md/files/EN_Regulamentul nr_158 din 2020 cu privire la cerintele de publicare.docx,https://www.bnm.md/en/content/regulation-requirements-publication-information-banks-approved-decision-executive-board,legal/original/057__EN_Regulamentul nr_158 din 2020 cu privire la cerintele de publicare.docx,legal/documents/057__EN_Regulamentul nr_158 din 2020 cu privire la cerintele de publicare.docx.md,c7661ae49a10ac9b28993e1c1db17bc0aae5fea1ad897f37dca1ffc3a3280642,f62d49fc9dfe91fa87fea3b22666ac53e2f7af1ac79179680c902b5c9daf90d0,text-extracted
58,legislation,"Regulation on outsourcing the bank's activities and operations, approved by Decision of the Executive Board of the National Bank of Moldova no.46 of February 26, 2020",https://www.bnm.md/files/REG_046_EN_08_12_21.pdf,https://www.bnm.md/en/content/regulamentul-privind-externalizarea-activitatilor-si-operatiunilor-bancii-aprobat-prin,legal/original/058__REG_046_EN_08_12_21.pdf,legal/documents/058__REG_046_EN_08_12_21.pdf.md,7dbdc44881560b946063d6bad68c3bc26bfbc6f7469ea33d407e2710ae3e23e8,39dc50b4d7487c0306da52aa85a408d5bee7ce85381e991932c0ab8c14c1fa93,text-extracted
59,legislation,"Regulation on outsourcing the bank's activities and operations, approved by Decision of the Executive Board of the National Bank of Moldova no.46 of February 26, 2020",https://www.bnm.md/files/REG_046_EN_08_12_21_1.doc,https://www.bnm.md/en/content/regulamentul-privind-externalizarea-activitatilor-si-operatiunilor-bancii-aprobat-prin,legal/original/059__REG_046_EN_08_12_21_1.doc,legal/documents/059__REG_046_EN_08_12_21_1.doc.md,f190fa3cf19bb00b730e7f6f14cfc9e314201e15e6cf277c8c8a5b139e67ec8f,34f1f116512b012fb3dd629f27373efe6669490fba1eb000300010dd589fcb92,text-extracted
60,legislation,"Regulation on Banks' Transactions with Their Related Parties, approved by the DCA of the NBM no. 240 from December 9, 2013",https://www.bnm.md/files/Regulamentul 240_2013 l engl_2.pdf,https://www.bnm.md/en/content/regulation-large-exposures-approved-dca-nbm-no-240-december-9-2013,legal/original/060__Regulamentul 240_2013 l engl_2.pdf,legal/documents/060__Regulamentul 240_2013 l engl_2.pdf.md,96b0b49790e3712cece4d06d5d8b0ae17d4c26c1d3aec4b8f8132e4080541bdc,3a0d5c47e23668cc735bdc523a16ffbcab119a54f00d940f78076c2fd23de883,text-extracted
61,legislation,"Regulation on Banks' Transactions with Their Related Parties, approved by the DCA of the NBM no. 240 from December 9, 2013",https://www.bnm.md/files/Regulamentul 240_2013 l engl.doc,https://www.bnm.md/en/content/regulation-large-exposures-approved-dca-nbm-no-240-december-9-2013,legal/original/061__Regulamentul 240_2013 l engl.doc,legal/documents/061__Regulamentul 240_2013 l engl.doc.md,b2798beac323489ceeebf0cf81bbf64741cdf0781e152b90fe145a1958d2d18f,63026871a5fa8ece642805356699fc795571db9cfe1b35792c257e55371adfff,text-extracted
62,legislation,"Regulation on Large Exposures, approved by Decision of the Executive Board of the National Bank of Moldova no.109 of April 5, 2019 (in force as of 19.06.2019)",https://www.bnm.md/files/Regulament_109_2019_expuneri mari_eng_1.pdf,https://www.bnm.md/en/content/regulation-large-exposures-approved-decision-council-administration-national-bank-moldova,legal/original/062__Regulament_109_2019_expuneri mari_eng_1.pdf,legal/documents/062__Regulament_109_2019_expuneri mari_eng_1.pdf.md,5194f977e69270fe441d52f9d4659e7da034107af5c1576e8d9cca8f9adc6c32,9d59d3cf17afc2e5c3b07d3ac2040ea32112551c2cf1a1bd39342944b3e3bcba,text-extracted
63,legislation,"Regulation on Large Exposures, approved by Decision of the Executive Board of the National Bank of Moldova no.109 of April 5, 2019 (in force as of 19.06.2019)",https://www.bnm.md/files/Regulament_109_2019_expuneri mari_eng_1.doc,https://www.bnm.md/en/content/regulation-large-exposures-approved-decision-council-administration-national-bank-moldova,legal/original/063__Regulament_109_2019_expuneri mari_eng_1.doc,legal/documents/063__Regulament_109_2019_expuneri mari_eng_1.doc.md,20b6b32971bbb53c0545a965694501809bb3df35d5301f22e99dcc9e660ada83,dc4ed93efd19a248d9eb620d5103c06bd04edfc336adfdc557ec96572c32865e,text-extracted
64,legislation,"Regulation on Branches and Secondary Offices of Banks, Decision of the NBM No 147 of 17.05.2019",https://www.bnm.md/files/Reg_195_EN_1.pdf,https://www.bnm.md/en/content/regulation-branches-and-secondary-offices-banks-no147-17052019,legal/original/064__Reg_195_EN_1.pdf,legal/documents/064__Reg_195_EN_1.pdf.md,48d8c0ad60e411ff7b1f2012d4833af5336b0f182c36e1e07cbc5419768838f8,f1a68c22f475320650ad8d7f04c2cc764a951922c303215e8cde9734a52ee917,text-extracted
65,legislation,"Regulation on Branches and Secondary Offices of Banks, Decision of the NBM No 147 of 17.05.2019",https://www.bnm.md/files/Reg_195_EN_1.doc,https://www.bnm.md/en/content/regulation-branches-and-secondary-offices-banks-no147-17052019,legal/original/065__Reg_195_EN_1.doc,legal/documents/065__Reg_195_EN_1.doc.md,0361f7afc5b112b4d4cd9626f246976dce4e8438f510aff87b743af7091db47c,d941817132db299db1cf91b7b91c54b7b598539892488f756b733c0e4ebc8ecd,text-extracted
66,legislation,"Regulation on Banking Activity Management Framework No. 322 of December 20, 2018 (in force since April 4, 2019) amended by Decision of the NBM no. 275 of 29.12.2022, in force 13.04.2023",https://www.bnm.md/files/Reg_322_EN_02_03_2026.pdf,https://www.bnm.md/en/content/decision-no322-december-20-2018-approval-regulation-banking-activity-management-framework,legal/original/066__Reg_322_EN_02_03_2026.pdf,legal/documents/066__Reg_322_EN_02_03_2026.pdf.md,49d83dd287f3b4097e432f7a33b197eea583c293870a26c25d1c2ae4a69706b9,16915980035fbf15beeb84774c7f32447a65aa202245c593468ea307aa46d8fe,text-extracted
67,legislation,"Regulation on Banking Activity Management Framework No. 322 of December 20, 2018 (in force since April 4, 2019) amended by Decision of the NBM no. 275 of 29.12.2022, in force 13.04.2023",https://www.bnm.md/files/Reg_322_EN_02_03_2026.docx,https://www.bnm.md/en/content/decision-no322-december-20-2018-approval-regulation-banking-activity-management-framework,legal/original/067__Reg_322_EN_02_03_2026.docx,legal/documents/067__Reg_322_EN_02_03_2026.docx.md,2ff8235a38dcc7a4a184b9372ff5662179aa70ce33988d6cbea31aa85243e510,f29c2466ef31f3e65372024fb9876d32f9db49035b9e56fc9c5be58c26c66a0a,text-extracted
68,legislation,"Regulation on the licensing of the bank and the branch of the bank from another state, approved by Decision of the Council of Administration of the National Bank of Moldova no.328 of December 13, 2019",https://www.bnm.md/files/REG 328_EN_08_12_21 (1).pdf,https://www.bnm.md/en/content/regulation-licensing-bank-and-branch-bank-another-state-approved-decision-council,legal/original/068__REG 328_EN_08_12_21 (1).pdf,legal/documents/068__REG 328_EN_08_12_21 (1).pdf.md,4b245d68ccae9e0ce2e35624851f73e93c353dc1eed0342591e8808f8d3eb08b,cd70e4c2ebd98b5da015449271b7ef72dcc32289b965d0f1f4e65a3642b447e5,text-extracted
69,legislation,"Regulation on the licensing of the bank and the branch of the bank from another state, approved by Decision of the Council of Administration of the National Bank of Moldova no.328 of December 13, 2019",https://www.bnm.md/files/REG 328_EN_08_12_21 (1).doc,https://www.bnm.md/en/content/regulation-licensing-bank-and-branch-bank-another-state-approved-decision-council,legal/original/069__REG 328_EN_08_12_21 (1).doc,legal/documents/069__REG 328_EN_08_12_21 (1).doc.md,1896963586f81963ce6807fdde6a72d0588b523722ed652e4672b350937a8277,8a0fab51fc8e936c2e5608699d7fe09d4af69c2d8dbd1cadafda4ed2482f175f,text-extracted
70,legislation,"Regulation on Requirements Regarding the Members of the Governing Body of the Bank, the Financial Holding Company or Mixed Holding, the Heads of a Branch of a Bank from Another State, the Persons Holding Key Positions and the Liquidator of the Bank in Liquidation Process No 292 of 29.11.2018",https://www.bnm.md/files/REG_292_EN_02_03_26.pdf,https://www.bnm.md/en/content/regulation-requirements-regarding-members-governing-body-bank-financial-holding-company-or,legal/original/070__REG_292_EN_02_03_26.pdf,legal/documents/070__REG_292_EN_02_03_26.pdf.md,5912055ea24fb26c507d55e05e2218f4ac3818f36e1127722cfda586e8d0877b,6c6cc282b93e5fb79c5ec3adc1d6a185fa0f944e97f2379b867f3ae1a0ed2426,text-extracted
71,legislation,"Regulation on Requirements Regarding the Members of the Governing Body of the Bank, the Financial Holding Company or Mixed Holding, the Heads of a Branch of a Bank from Another State, the Persons Holding Key Positions and the Liquidator of the Bank in Liquidation Process No 292 of 29.11.2018",https://www.bnm.md/files/REG_292_EN_02_03_26.doc,https://www.bnm.md/en/content/regulation-requirements-regarding-members-governing-body-bank-financial-holding-company-or,legal/original/071__REG_292_EN_02_03_26.doc,legal/documents/071__REG_292_EN_02_03_26.doc.md,94021d74b639dec1fed3759345e3a1bf87646cad029cc2e666a6f6f7a9515125,1c63b87ef0b4ca0063f2363cbaf12fb9f73b32f2a82cb13efc68abf8957cf527,text-extracted
72,legislation,"Regulation on requirements for prevention and combating money laundering and terrorism financing in the activity of Foreign Exchange Entities and Hotels No. 201 of 09 August, 2018",https://www.bnm.md/files/R201-Eng_track changes_rev.pdf,https://www.bnm.md/en/content/regulation-requirements-related-prevention-and-combating-money-laundering-and-terrorism,legal/original/072__R201-Eng_track changes_rev.pdf,legal/documents/072__R201-Eng_track changes_rev.pdf.md,2c657c1b4d156a16176fa22c7800e8d544542eb57791092ca113316abae04602,af8741d9bd78bd43fded02e22fb2b19ec815d8ae75082755bc996f0c2abe54d7,text-extracted
73,legislation,"Regulation on requirements for prevention and combating money laundering and terrorism financing in the activity of Foreign Exchange Entities and Hotels No. 201 of 09 August, 2018",https://www.bnm.md/files/R201-Eng_track changes_rev.doc,https://www.bnm.md/en/content/regulation-requirements-related-prevention-and-combating-money-laundering-and-terrorism,legal/original/073__R201-Eng_track changes_rev.doc,legal/documents/073__R201-Eng_track changes_rev.doc.md,3f8b83ea8d4c604c66b50e631e2f7473816591254fd69b7ad5b05f4492605f2d,d85dfdb82b5a5e745f7dca16ac2d56dce6cca86b86fca52b169e86f664bc71c9,text-extracted
74,legislation,"Regulation on requirements for prevention and combating money laundering and terrorist financing in the activity of banks No. 200 of 09 August, 2018",https://www.bnm.md/files/NBM Regulation No 200_2018.pdf,https://www.bnm.md/en/content/regulation-requirements-related-prevention-and-combating-money-laundering-and-terrorist,legal/original/074__NBM Regulation No 200_2018.pdf,legal/documents/074__NBM Regulation No 200_2018.pdf.md,05ac30d476fde62dd26dc5e6a970b2cbb9ac038aadea8f4c187cc3f3d94f7780,5def3b877e4baefda22bc2d4a2e768493d11b42e15418d3776429e5e398264a3,text-extracted
75,legislation,"Regulation on requirements for prevention and combating money laundering and terrorist financing in the activity of banks No. 200 of 09 August, 2018",https://www.bnm.md/files/NBM Regulation No 200_2018_1.docx,https://www.bnm.md/en/content/regulation-requirements-related-prevention-and-combating-money-laundering-and-terrorist,legal/original/075__NBM Regulation No 200_2018_1.docx,legal/documents/075__NBM Regulation No 200_2018_1.docx.md,cfeb2df34329666adf692d3beaef7ae60ddfdafeacb6b4546eeb6804127865ad,b4224f3bb9b446bac765dbde73ff3d4675c8a9b512f38534fc3035a5fb04ff75,text-extracted
76,legislation,"Regulation on requirements related to prevention and combating money laundering and terrorism financing in the activity of non-bank payment services provider No. 202 of 09 August, 2018",https://www.bnm.md/files/NBM Regulation No 202_ 2018.pdf,https://www.bnm.md/en/content/regulation-requirements-related-prevention-and-combating-money-laundering-and-terrorism-0,legal/original/076__NBM Regulation No 202_ 2018.pdf,legal/documents/076__NBM Regulation No 202_ 2018.pdf.md,181f882268c2d27327e9d9d40048ee988769a47865cac7b67cfb1541f51c2f4f,ed2a7b8218298fa0bc5516a5ee4a10361b47cff657c49da36e4290b16096e462,text-extracted
77,legislation,"Regulation on requirements related to prevention and combating money laundering and terrorism financing in the activity of non-bank payment services provider No. 202 of 09 August, 2018",https://www.bnm.md/files/NBM Regulation No 202_ 2018.docx,https://www.bnm.md/en/content/regulation-requirements-related-prevention-and-combating-money-laundering-and-terrorism-0,legal/original/077__NBM Regulation No 202_ 2018.docx,legal/documents/077__NBM Regulation No 202_ 2018.docx.md,6e6151839d3dd822ce7c28d26455400d7120e6507f29f8e676e5a7516b7d8df8,9dfb39dbf632f7176027d86782a0d539f6c3e30bcc8f5b113b8a73b9b3b937e7,text-extracted
78,legislation,"Regulation No. 110/2018 on capital buffers of banks, as amended by the Decision of the Executive Board of the NBM No 3/2025 (in force February 16, 2025)",https://www.bnm.md/files/HCE_110_2018_Regulamentul_amortizoare de capital_modificat prin HCE 3_2025_ENG.pdf,https://www.bnm.md/en/content/regulation-capital-buffers-banks-approved-dca-nbm-no-110-may-24-2018,legal/original/078__HCE_110_2018_Regulamentul_amortizoare de capital_modificat prin HCE 3_2025_ENG.pdf,legal/documents/078__HCE_110_2018_Regulamentul_amortizoare de capital_modificat prin HCE 3_2025_ENG.pdf.md,ce3c36407315b04089d887c7751943eacc92640ebcbe6412c953fe61bee7b6c2,b89631daf89a958f7e8a76ca069a64bf80c3354aba8c37d30d39b0ce4a40ebcb,text-extracted
79,legislation,"Regulation No. 110/2018 on capital buffers of banks, as amended by the Decision of the Executive Board of the NBM No 3/2025 (in force February 16, 2025)",https://www.bnm.md/files/HCE_110_2018_Regulamentul_amortizoare de capital_modificat prin HCE 3_2025_ENG.doc,https://www.bnm.md/en/content/regulation-capital-buffers-banks-approved-dca-nbm-no-110-may-24-2018,legal/original/079__HCE_110_2018_Regulamentul_amortizoare de capital_modificat prin HCE 3_2025_ENG.doc,legal/documents/079__HCE_110_2018_Regulamentul_amortizoare de capital_modificat prin HCE 3_2025_ENG.doc.md,8c4ad825486cf7239cc8b51fd682da862eb520b9b64879bf98545b3f01e33039,f3a6a740d3ff1a189b6027eefb73e67b590df0217455c28d3ee0fce57c148aa9,text-extracted
80,legislation,"Regulation on Own Funds of Banks and Capital Requirements, approved by the Decision of the Executive Board of the NBM No 109/2018",https://www.bnm.md/files/Regulament Fonduri Proprii nr_109 din 2018 ajustat prin HCE 76_2026 (in vigoare pct_138^1)_ENG (1).pdf,https://www.bnm.md/en/content/regulation-own-funds-banks-and-capital-requirements-no109-24052018,legal/original/080__Regulament Fonduri Proprii nr_109 din 2018 ajustat prin HCE 76_2026 (in vigoare pct_138^1)_ENG (1).pdf,legal/documents/080__Regulament Fonduri Proprii nr_109 din 2018 ajustat prin HCE 76_2026 (in vigoare pct_138^1)_ENG (1).pdf.md,8763429be15d1b730df0f4f558329646cae90b81fc0b200fe616569763ddaf34,69ffdaaace23e12e942d9bcac4aace537c22b7981b2ae06a185bb8d00aa45a4d,text-extracted
81,legislation,"Regulation on Own Funds of Banks and Capital Requirements, approved by the Decision of the Executive Board of the NBM No 109/2018",https://www.bnm.md/files/Regulament Fonduri Proprii nr_109 din 2018 ajustat prin HCE 76_2026 (in vigoare pct_138^1)_ENG (1).docx,https://www.bnm.md/en/content/regulation-own-funds-banks-and-capital-requirements-no109-24052018,legal/original/081__Regulament Fonduri Proprii nr_109 din 2018 ajustat prin HCE 76_2026 (in vigoare pct_138^1)_ENG (1).docx,legal/documents/081__Regulament Fonduri Proprii nr_109 din 2018 ajustat prin HCE 76_2026 (in vigoare pct_138^1)_ENG (1).docx.md,0f762ec7a6ef679225e7cd6b755115e96267aa3e64c2d24cd79d1267270327d0,9de1ac21fbb37c94e8d5f4a42d80f032e5540167373ff9cf7f9a8680cfde5d3f,text-extracted
82,legislation,Regulation on credit risk mitigation techniques of banks,https://www.bnm.md/files/HCE_112_13_02_2023_ENG.pdf,https://www.bnm.md/en/content/regulamentul-cu-privire-la-tehnicile-de-diminuare-riscului-de-credit-utilizate-de-banci,legal/original/082__HCE_112_13_02_2023_ENG.pdf,legal/documents/082__HCE_112_13_02_2023_ENG.pdf.md,502c63b89edd0dd82ef2fe9bb0e42a777b690ccdb3ae33798474c4b3a98a7272,88e299c384e8f731f9486a29e354d6448c8cbbb98d4fc51ebca0b1fc4cd7e5d4,text-extracted
83,legislation,Regulation on credit risk mitigation techniques of banks,https://www.bnm.md/files/HCE_112_13_02_2023_ENG.doc,https://www.bnm.md/en/content/regulamentul-cu-privire-la-tehnicile-de-diminuare-riscului-de-credit-utilizate-de-banci,legal/original/083__HCE_112_13_02_2023_ENG.doc,legal/documents/083__HCE_112_13_02_2023_ENG.doc.md,54c487c5543c411e1c1400c702e7e895e997045ab637b19760aa8d7d62045a0f,fdc1c5841fcc471e64d62724b85b8e1f251b23942fccc0bb2c1b06dfdf6d84ac,text-extracted
84,legislation,"Regulation on the treatment of counterparty credit risk for banks, no 102 of 16.04.2020",https://www.bnm.md/files/Counterparty Regulation.pdf,https://www.bnm.md/en/content/regulation-treatment-counterparty-credit-risk-banks-no-102-16042020,legal/original/084__Counterparty Regulation.pdf,legal/documents/084__Counterparty Regulation.pdf.md,f971492b9a0464acb78e0d7e2a3fd1680b122b0c53d133e1c01fa56c612c4ea7,22151632a9a2acbef0abe2011194d646ed0ab10dfbd38e0b4f45cd2461aac7ea,text-extracted
85,legislation,"Regulation on the treatment of counterparty credit risk for banks, no 102 of 16.04.2020",https://www.bnm.md/files/Counterparty Regulation.docx,https://www.bnm.md/en/content/regulation-treatment-counterparty-credit-risk-banks-no-102-16042020,legal/original/085__Counterparty Regulation.docx,legal/documents/085__Counterparty Regulation.docx.md,1caaed6a2dd84ea20aa5b53950871aeb009d7766de03bc952ff7f1de52ddf08b,afd9e47a5e9f7ff98e298ddfd748a9111873a125af23a52e38d58a728908b63b,text-extracted
86,legislation,Regulation on the treatment of banks’ operational risk according to the Basic Indicator Approach and the Standardised Approach,https://www.bnm.md/files/Annexes - 3 Reg risc operational_AG_En dp IScerb.pdf,https://www.bnm.md/en/content/regulation-treatment-banks-operational-risk-according-basic-indicator-approach-and,legal/original/086__Annexes - 3 Reg risc operational_AG_En dp IScerb.pdf,legal/documents/086__Annexes - 3 Reg risc operational_AG_En dp IScerb.pdf.md,201cc34f0b1cedc8d195432a6b48e624d1314dea8937190220dcf44edc348ca2,9a88c4717d4238569adebff4f62ac1a6c30aed082733f343dacea5defc9cbcfc,text-extracted
87,legislation,Regulation on the treatment of banks’ credit risk using standardised approach,https://www.bnm.md/files/HCE_111_13_02_2023_EN.pdf,https://www.bnm.md/en/content/regulation-treatment-banks-credit-risk-using-standardised-approach,legal/original/087__HCE_111_13_02_2023_EN.pdf,legal/documents/087__HCE_111_13_02_2023_EN.pdf.md,622cf548d17aafa5c66b5f89f0c529879730e714f3e3a5eb0f5f047c0da08a39,b71b64cb7fc2eebdf42adb1cb0528d2cafd12654b288644a3cedfb9a8f78b1db,text-extracted
88,legislation,Regulation on the treatment of banks’ credit risk using standardised approach,https://www.bnm.md/files/HCE_111_13_02_2023_EN.doc,https://www.bnm.md/en/content/regulation-treatment-banks-credit-risk-using-standardised-approach,legal/original/088__HCE_111_13_02_2023_EN.doc,legal/documents/088__HCE_111_13_02_2023_EN.doc.md,57e54e67609f044afcf4ba13076681ffa384e66a65366b1d93e702f0abe78642,45bec43b2d15c286128643b2b1335dc39e1025dbc380228225bebe34389376e5,text-extracted
89,legislation,Regulation on audit of financial statements and audit for other purposes of banks,https://www.bnm.md/files/REG 118_EN_13_02_2023.pdf,https://www.bnm.md/en/content/regulation-external-audit-banks,legal/original/089__REG 118_EN_13_02_2023.pdf,legal/documents/089__REG 118_EN_13_02_2023.pdf.md,f55a70cce3e7c5d28757879c9047dd9ed73c50fac61e4fdbefa2318d7078ac10,00691fb82899421ee8ad47bc6a72353e028f860b1447eee4b21b3eba3f289c26,text-extracted
90,legislation,Regulation on audit of financial statements and audit for other purposes of banks,https://www.bnm.md/files/REG 118_EN_13_02_2023.doc,https://www.bnm.md/en/content/regulation-external-audit-banks,legal/original/090__REG 118_EN_13_02_2023.doc,legal/documents/090__REG 118_EN_13_02_2023.doc.md,46cb3134942d513f5b2baa31da8ab4351a4310e67f3eeefc1716c4404642c120,e67b34396713e1e53442157cef09a7422c52eabf675047cabcffd624f293b8a6,text-extracted
91,legislation,"Regulation on the calculation of voting rights and registration of the transfer of ownership of bank shares, approved by the DCA of the NBM, no.130 of July 04, 2013",https://www.bnm.md/files/Annexes__Reg 130 En WEB.pdf,https://www.bnm.md/en/content/regulation-calculation-voting-rights-and-registration-transfer-ownership-bank-shares,legal/original/091__Annexes__Reg 130 En WEB.pdf,legal/documents/091__Annexes__Reg 130 En WEB.pdf.md,955af007bfec2e8cafbcfd90eb8606206046ab3a6effdc2ddb643831a08977e3,3c732bda7844e04291426cfac163d018f3cb4827ddc8808e34eef916d0e89bb4,text-extracted
92,legislation,"Regulation on the calculation of voting rights and registration of the transfer of ownership of bank shares, approved by the DCA of the NBM, no.130 of July 04, 2013",https://www.bnm.md/files/Annexes__Reg 130 En WEB.doc,https://www.bnm.md/en/content/regulation-calculation-voting-rights-and-registration-transfer-ownership-bank-shares,legal/original/092__Annexes__Reg 130 En WEB.doc,legal/documents/092__Annexes__Reg 130 En WEB.doc.md,86ac35927ffb01a0f97d928e61e6a2146993f4a1274a8bba7ec2c7885b21417c,19d0b81c110343b455a01a099c8efb0479291f487e56d3b3414a15301bd31c82,text-extracted
93,legislation,"Regulation on Holdings in Bank Equity, the Administrative Council of the National Bank of Moldova Decision no.127 of 27.06.2013, Official Monitor of the Republic of Moldova, no 198-204, art. 1419 of 13.09.2013",https://www.bnm.md/files/Reg EN_WEB.pdf,https://www.bnm.md/en/content/regulation-holding-equity-interest-capital-banks-approved-dca-if-nbm-no127-june-27-2013,legal/original/093__Reg EN_WEB.pdf,legal/documents/093__Reg EN_WEB.pdf.md,21475f7dd4e3785d9b65aa748a694e72603a9ac79b0716921b92d8c55dce2405,e11de8c5f531e64ec3d12f6e47bf07b5312ccdaacb0a3af537cd8e0943c1b5c5,text-extracted
94,legislation,"Regulation on Holdings in Bank Equity, the Administrative Council of the National Bank of Moldova Decision no.127 of 27.06.2013, Official Monitor of the Republic of Moldova, no 198-204, art. 1419 of 13.09.2013",https://www.bnm.md/files/Reg EN_WEB.doc,https://www.bnm.md/en/content/regulation-holding-equity-interest-capital-banks-approved-dca-if-nbm-no127-june-27-2013,legal/original/094__Reg EN_WEB.doc,legal/documents/094__Reg EN_WEB.doc.md,81f79a41b8b7b886582f72146d4abf56cc49444eb46be48706c67c7e6c1a8519,a75e076943741a3a897bd4586119670c223d572402b054178bbbf937b0744126,text-extracted
95,legislation,"Regulation on banks open foreign exchange position, approved by the DCA of the no. 126 of November 28, 1997",https://www.bnm.md/files/normative_act/annexes_23.pdf,https://www.bnm.md/en/content/regulation-banks-open-foreign-exchange-position-approved-dca-no-126-november-28-1997,legal/original/095__annexes_23.pdf,legal/documents/095__annexes_23.pdf.md,7e218a302fcd4623655a59b5468ce0c39261871238867bb0e7f5311d0678a575,195f1e2e7789ead1837820cdb8af98edb9ce8d54aa407016692963cdb0418f31,text-extracted
96,legislation,"Regulation on bank’s liquidity, approved by the DCA of the NBM no.28, August 08, 1997",https://www.bnm.md/files/3 Reg lichid eng.pdf,https://www.bnm.md/en/content/regulation-banks-liquidity-approved-dca-nbm-no28-august-08-1997,legal/original/096__3 Reg lichid eng.pdf,legal/documents/096__3 Reg lichid eng.pdf.md,d8fe85ca223399aa19a17f4e06d123dd49cf4a033b1df4f87bee9a21e026980c,ef5657391c5b00bb802a6cab5104318ea24b489bd0f57efbf3deb54abd642881,text-extracted
97,legislation,"Regulation on bank’s liquidity, approved by the DCA of the NBM no.28, August 08, 1997",https://www.bnm.md/files/3 Reg lichid eng.docx,https://www.bnm.md/en/content/regulation-banks-liquidity-approved-dca-nbm-no28-august-08-1997,legal/original/097__3 Reg lichid eng.docx,legal/documents/097__3 Reg lichid eng.docx.md,1aa3fadea82962dcd871158d994c0aab4dc71ce92ca21956ecf3a7d56a6d60b2,c72c3969487931a4265a74c8e16cf2459511911fc1252ea1eaa830899fdb1fab,text-extracted
98,legislation,"Regulation on assets and conditional commitments classification, approved by the DCA of the NBM no.231 of October 27, 2011",https://www.bnm.md/files/reg 231_2011_ l_ eng.pdf,https://www.bnm.md/en/content/regulation-assets-and-conditional-commitments-classification-approved-dca-nbm-no231-october,legal/original/098__reg 231_2011_ l_ eng.pdf,legal/documents/098__reg 231_2011_ l_ eng.pdf.md,a0173e350d2f5932bcf05e99d1fa911fb781f076fc66bc5e11a99596f1104df1,729103e078ad47502a5c3357bd61a78a2c9adb0fd8c7f63ae020940c8b69eaa1,text-extracted
99,legislation,"Regulation on assets and conditional commitments classification, approved by the DCA of the NBM no.231 of October 27, 2011",https://www.bnm.md/files/reg 231_2011_ l_ eng.docx,https://www.bnm.md/en/content/regulation-assets-and-conditional-commitments-classification-approved-dca-nbm-no231-october,legal/original/099__reg 231_2011_ l_ eng.docx,legal/documents/099__reg 231_2011_ l_ eng.docx.md,561b4308b4569742193979c396972d87596c0935b61e90766291749025769610,894319690d526439c7ff3f50b2d7472e9c7759efdc7b9332855faa7a7da0df65,text-extracted
100,legislation,"Regulation on mergers and absorptions of banks in the Republic of Moldova, approved by the DCA of the NBM no.143 of June 2, 2000",https://www.bnm.md/files/Annex no 3 - 16_Regulation on mergers and aquisitions.doc,https://www.bnm.md/en/content/regulation-mergers-and-absorptions-banks-republic-moldova-approved-dca-nbm-no143-june-2-2000,legal/original/100__Annex no 3 - 16_Regulation on mergers and aquisitions.doc,legal/documents/100__Annex no 3 - 16_Regulation on mergers and aquisitions.doc.md,d6fcd61e952eb0716f61415ef6b322b51e1180eb7f10cce74a6592577e23794d,c9b721c06ba8b1220bc8e0666c973402388259bfcead95955486b7a29c5fae90,text-extracted
101,legislation,"Regulation on mergers and absorptions of banks in the Republic of Moldova, approved by the DCA of the NBM no.143 of June 2, 2000",https://www.bnm.md/files/Annex no 3 - 16_Regulation on mergers and aquisitions.pdf,https://www.bnm.md/en/content/regulation-mergers-and-absorptions-banks-republic-moldova-approved-dca-nbm-no143-june-2-2000,legal/original/101__Annex no 3 - 16_Regulation on mergers and aquisitions.pdf,legal/documents/101__Annex no 3 - 16_Regulation on mergers and aquisitions.pdf.md,b1c8e89ae7bbfa275fe4edd97a96b13499e7f43cc3bea8c242d078a1619656d5,193dc4385e6d94f0c1b5199b4990a2ec209c9c3808adf881f1267322660ac7f0,text-extracted
102,legislation,"Regulation on licensing of foreign exchange entities, approved by Decision of the Executive Board of the National Bank of Moldova No 304 of 10 November 2016",https://www.bnm.md/files/2_Reg 304 mod HCE74_ENG_12 11 24_1.pdf,https://www.bnm.md/en/content/regulation-licensing-control-and-sanctioning-foreign-exchange-entities-approved-decision-no,legal/original/102__2_Reg 304 mod HCE74_ENG_12 11 24_1.pdf,legal/documents/102__2_Reg 304 mod HCE74_ENG_12 11 24_1.pdf.md,228720d3ab40d551e46d181d809c05cd31debf00ee29a15a2a419b54a16850e6,be37f91a99927590f8c6b60c871905d17dc355c3f9073b49fee45a25b232ecf0,text-extracted
103,legislation,"Regulation on licensing of foreign exchange entities, approved by Decision of the Executive Board of the National Bank of Moldova No 304 of 10 November 2016",https://www.bnm.md/files/2_Reg 304 mod HCE74_ENG_12 11 24_1.doc,https://www.bnm.md/en/content/regulation-licensing-control-and-sanctioning-foreign-exchange-entities-approved-decision-no,legal/original/103__2_Reg 304 mod HCE74_ENG_12 11 24_1.doc,legal/documents/103__2_Reg 304 mod HCE74_ENG_12 11 24_1.doc.md,0a3d1629e55b47f7e6c5922400c00a356287f1bd827ee96c44f74700021cd292,a7284781e0ce40be737b3d2e532ddc4ad2595a88b6daa5a742451c7f6234f3dc,text-extracted
104,legislation,"Regulation on the authorization of certain foreign exchange operations by the National Bank of Moldova, approved by the DCA of the NBM no.51 of March 5, 2009",https://www.bnm.md/files/3_Reg 51 autoriz oper val_eng web.pdf,https://www.bnm.md/en/content/regulation-authorization-certain-foreign-exchange-operations-national-bank-moldova-approved,legal/original/104__3_Reg 51 autoriz oper val_eng web.pdf,legal/documents/104__3_Reg 51 autoriz oper val_eng web.pdf.md,c238b39df11d14a3da714df522d4ede42e20b2555a14139de1c223dec9b0fb10,c35640a4f67e7b0da61a8bd9b32f1670f6080e5701d8f13428205ac6907b357b,text-extracted
105,legislation,"Regulation on the authorization of certain foreign exchange operations by the National Bank of Moldova, approved by the DCA of the NBM no.51 of March 5, 2009",https://www.bnm.md/files/3_Reg 51 autoriz oper val_eng web.doc,https://www.bnm.md/en/content/regulation-authorization-certain-foreign-exchange-operations-national-bank-moldova-approved,legal/original/105__3_Reg 51 autoriz oper val_eng web.doc,legal/documents/105__3_Reg 51 autoriz oper val_eng web.doc.md,672b01d42815ff8ac7776c104b1af2f341e49e094ca0ed879308b4424dc192cb,a62286ce65ed3b40f1990cdd3f079e0860c1a2b0b96e20f33857783db2e7e4d8,text-extracted
106,legislation,"Regulation on the issuance by the National Bank of Moldova of authorizations to export funds from the Republic of Moldova, approved by DCA of the NBM No.14 of January 22, 2009",https://www.bnm.md/files/normative_act/annex_4.pdf,https://www.bnm.md/en/content/regulation-issuance-national-bank-moldova-authorizations-export-funds-republic-moldova,legal/original/106__annex_4.pdf,legal/documents/106__annex_4.pdf.md,baae0eddaa8ce25b45abc3959214807e8d7785cac8f2802c9cc39201d778acdb,96e628075ffa28be532b1dbe3292dcf57fe85145ea2dbc40fc4c981f039ba26b,text-extracted
107,legislation,"Regulation on the Activity of Foreign Exchange Entities, approved by the DEB of the NBM no.335 of 1 December 2016",https://www.bnm.md/files/Reg 335 2016 actualiz cf  HCE 162_ENG.pdf,https://www.bnm.md/en/content/regulation-activity-foreign-exchange-entities-approved-approved-eb-decision-no335-december-1,legal/original/107__Reg 335 2016 actualiz cf HCE 162_ENG.pdf,legal/documents/107__Reg 335 2016 actualiz cf HCE 162_ENG.pdf.md,a893406975a7fc8f6c46d3fae6a4495ce045532b227423c4a40479c38d6f8d3b,6eeeca1351ed263d2b408815f239bd665485c300c52692e9dd91dee52a851c3a,text-extracted
108,legislation,"Regulation on the Activity of Foreign Exchange Entities, approved by the DEB of the NBM no.335 of 1 December 2016",https://www.bnm.md/files/Reg 335 2016 actualiz cf  HCE 162_ENG.doc,https://www.bnm.md/en/content/regulation-activity-foreign-exchange-entities-approved-approved-eb-decision-no335-december-1,legal/original/108__Reg 335 2016 actualiz cf HCE 162_ENG.doc,legal/documents/108__Reg 335 2016 actualiz cf HCE 162_ENG.doc.md,dc6bacd4831d621cd1434b0c24757c7cea92de08cbe086cdf2d7013657a37100,7dff89d5fea098812f46b767049565781f83362dec6f45d840493cd29f69b950,text-extracted
109,legislation,"Regulation on residents' accounts abroad, approved by the DCA of the NBM, No. 216 of August 20, 2015",https://www.bnm.md/files/6_Reg 216  compilat cf HCE 127_eng_12 12 23_curat.pdf,https://www.bnm.md/en/content/regulation-residents-accounts-abroad-approved-dca-nbm-no-216-august-20-2015,legal/original/109__6_Reg 216 compilat cf HCE 127_eng_12 12 23_curat.pdf,legal/documents/109__6_Reg 216 compilat cf HCE 127_eng_12 12 23_curat.pdf.md,dedf74cc3de6b3225ba289eaeb5a0aa6a58034be208e7ce31a5ddf54a394f43e,9021fe7b1f7881f486250776cb8eded206c6d6df0629df1e6f0c9dfca8f19054,text-extracted
110,legislation,"Regulation on residents' accounts abroad, approved by the DCA of the NBM, No. 216 of August 20, 2015",https://www.bnm.md/files/6_Reg 216  compilat cf HCE 127_eng_12 12 23_curat.doc,https://www.bnm.md/en/content/regulation-residents-accounts-abroad-approved-dca-nbm-no-216-august-20-2015,legal/original/110__6_Reg 216 compilat cf HCE 127_eng_12 12 23_curat.doc,legal/documents/110__6_Reg 216 compilat cf HCE 127_eng_12 12 23_curat.doc.md,8e24d20740c0869b78d1f99d93d6d057be2e095929eefbc05643b222691a51fc,112803dac4706d4613b12985dbb498a933b8cf73ed7c14d40fdf4289a1980527,text-extracted
111,legislation,"Regulation on Conditions and Procedures for Performing Foreign Exchange Operations, approved by the DEB of the NBM no.29 of February 13, 2018",https://www.bnm.md/files/4_Reg CMEOV nr_29 compilat cf HCE 215 2023 eng.pdf,https://www.bnm.md/en/content/regulation-conditions-and-procedures-performing-foreign-exchange-operations-approved,legal/original/111__4_Reg CMEOV nr_29 compilat cf HCE 215 2023 eng.pdf,legal/documents/111__4_Reg CMEOV nr_29 compilat cf HCE 215 2023 eng.pdf.md,25d5a59e74e09c54586afc09ae83785fccfda2d8a7f0af2818a31bb94e87b08e,b81c282d4311d1ed2fb58879a1155bc25a7c614050ea64e907d8186e25e0b370,text-extracted
112,legislation,"Regulation on Conditions and Procedures for Performing Foreign Exchange Operations, approved by the DEB of the NBM no.29 of February 13, 2018",https://www.bnm.md/files/4_Reg CMEOV nr_29 compilat cf HCE 215 2023 eng.doc,https://www.bnm.md/en/content/regulation-conditions-and-procedures-performing-foreign-exchange-operations-approved,legal/original/112__4_Reg CMEOV nr_29 compilat cf HCE 215 2023 eng.doc,legal/documents/112__4_Reg CMEOV nr_29 compilat cf HCE 215 2023 eng.doc.md,0e4602c4b548ee130e02e4bf5e26cfa91ce7085eac86aaa472cc92f8420a66db,6a10d184d939feb64c865e767c3c601f6f31d1b30a355ba839619ebddf151563,text-extracted
113,legislation,"Regulation on the procedure of issuing by banks of permissions to export funds from the Republic of Moldova, approved by the DCA of the NBM No. 15 of January 22, 2009",https://www.bnm.md/files/normative_act/anexa_10.pdf,https://www.bnm.md/en/content/regulation-procedure-issuing-banks-permissions-export-funds-republic-moldova-approved-dca,legal/original/113__anexa_10.pdf,legal/documents/113__anexa_10.pdf.md,0544f14a1626ce226fd10a8ef16b986df80f56417d0b7edb672b4fe187670069,37edd89ef3b3406a85098b061214fff28482997d84d4ac1e882df01cc85bf86c,text-extracted
114,legislation,"Regulation on the authorization and notification of connections between central securities depositories, approved by the Decision of the Executive Board of the National Bank of Moldova No 279 of 27 November 2025",https://www.bnm.md/files/Reg_conexiuni_DCU_eng.pdf,https://www.bnm.md/en/content/regulation-authorization-and-notification-connections-between-central-securities,legal/original/114__Reg_conexiuni_DCU_eng.pdf,legal/documents/114__Reg_conexiuni_DCU_eng.pdf.md,4838d42392b9b094cd44c3d8674f14506cedf0d0a3d61412808da38beb187a60,2da56f32a80aa22a1fd32abafec8283657e2660472a0d5281f299fd150c9883e,text-extracted
115,legislation,"Regulation on the authorization and notification of connections between central securities depositories, approved by the Decision of the Executive Board of the National Bank of Moldova No 279 of 27 November 2025",https://www.bnm.md/files/Reg_conexiuni_DCU_eng.docx,https://www.bnm.md/en/content/regulation-authorization-and-notification-connections-between-central-securities,legal/original/115__Reg_conexiuni_DCU_eng.docx,legal/documents/115__Reg_conexiuni_DCU_eng.docx.md,5ba1ab20fd6b56d980a23c89fb89d2e88660005f18dc4f4398c9b97904ba828f,c1b504a824b10b52433e6d992b26e1a91741f7201a681892e1e80a40fc766f93,text-extracted
116,legislation,"Regulation on Placement, Transaction and Redemption of State Securities in Book-Entry Form, approved by the DEB of the NBM no.170 of July 19, 2018",https://www.bnm.md/files/Reg VMS _2018_en_ 2021.pdf,https://www.bnm.md/en/content/regulament-cu-privire-la-plasarea-tranzactionarea-si-rascumpararea-valorilor-mobiliare-de,legal/original/116__Reg VMS _2018_en_ 2021.pdf,legal/documents/116__Reg VMS _2018_en_ 2021.pdf.md,63e9e49f1ec482ca75bc62fd72af38dd6bde75eef8a36075c091e1b44c228120,1a722ec51f7f1f714b2a8213fe2cd55c8d9997fc394875845fb8e0d52c033be8,text-extracted
117,legislation,"Regulation on Placement, Transaction and Redemption of State Securities in Book-Entry Form, approved by the DEB of the NBM no.170 of July 19, 2018",https://www.bnm.md/files/Reg VMS _2018_en_ 2021.doc,https://www.bnm.md/en/content/regulament-cu-privire-la-plasarea-tranzactionarea-si-rascumpararea-valorilor-mobiliare-de,legal/original/117__Reg VMS _2018_en_ 2021.doc,legal/documents/117__Reg VMS _2018_en_ 2021.doc.md,040c392e4206c11c231746e3ae1a759e8764402181ab1572020a06f25f45e382,d478ef3853cb272dc2818ea7f2574d9518520d8f228fe26056c3108c4b574246,text-extracted
118,legislation,"Regulation on standing facilities and intraday credit facility extended to banks by the National Bank of Moldova, approved by the Decision of the Executive Board of the National Bank of Moldova No 128 of May 28, 2025 (in force as of 03.07.2025)",https://www.bnm.md/files/Reg_facil perm_credit intraday_eng.pdf,https://www.bnm.md/en/content/regulation-standing-facilities-and-intraday-credit-facility-extended-banks-national-bank,legal/original/118__Reg_facil perm_credit intraday_eng.pdf,legal/documents/118__Reg_facil perm_credit intraday_eng.pdf.md,e1670a83228c3178bcc77d91cb8f65a7af5ade684f7d005095c23c2822ea0832,bff20e756ea4b13f92757754363e24824889d7fe4415eaa82ff0cff8d25d95aa,text-extracted
119,legislation,"Regulation on standing facilities and intraday credit facility extended to banks by the National Bank of Moldova, approved by the Decision of the Executive Board of the National Bank of Moldova No 128 of May 28, 2025 (in force as of 03.07.2025)",https://www.bnm.md/files/Reg_facil perm_credit intraday_eng.docx,https://www.bnm.md/en/content/regulation-standing-facilities-and-intraday-credit-facility-extended-banks-national-bank,legal/original/119__Reg_facil perm_credit intraday_eng.docx,legal/documents/119__Reg_facil perm_credit intraday_eng.docx.md,01f76909b58f8a0fd01d6fb4e3cd68058a974fcb317d992f797192e95af49747,6b560e6884fc2d08daf68e81086eadd51b4a5d00d22f6165f2893c273b2438b4,text-extracted
120,legislation,"Regulation on Emergency Liquidity Assistance, approved by the Decision of the Executive Board of the National Bank of Moldova No 343/2019 (in force on 30 June 2020)",https://www.bnm.md/files/Reg ELA HCE 13_eng_1.pdf,https://www.bnm.md/en/content/regulation-emergency-liquidity-assistance-approved-decision-executive-board-national-bank,legal/original/120__Reg ELA HCE 13_eng_1.pdf,legal/documents/120__Reg ELA HCE 13_eng_1.pdf.md,4fafd321445ae60a2c5493193df23a7406f22c8864f0619343191a3d002a4748,f2f61453c81aae4d61005e890e428fcda9445756aa59cdca1c00430c83c56cd3,text-extracted
121,legislation,"Regulation on Emergency Liquidity Assistance, approved by the Decision of the Executive Board of the National Bank of Moldova No 343/2019 (in force on 30 June 2020)",https://www.bnm.md/files/Reg ELA HCE 13_eng_1.docx,https://www.bnm.md/en/content/regulation-emergency-liquidity-assistance-approved-decision-executive-board-national-bank,legal/original/121__Reg ELA HCE 13_eng_1.docx,legal/documents/121__Reg ELA HCE 13_eng_1.docx.md,4234b7524c597f85025b4e51f54d86122dd4e87e8f51fa16ec95d01820d371b8,be83847a50b8195e6885232c86f2d70fd461d026de4fb4a1a1f57a9049414ed3,text-extracted
122,legislation,"Norms on evaluation of assets accepted by the National Bank of Moldova as collateral for granting loans to banks, approved by the DEB of the NBM no.211 of August 8, 2019",https://www.bnm.md/files/Norme evaluare activ_HCE 112_eng.pdf,https://www.bnm.md/en/content/norme-cu-privire-la-evaluarea-activelor-acceptate-de-banca-nationala-moldovei-ca-garantii-la,legal/original/122__Norme evaluare activ_HCE 112_eng.pdf,legal/documents/122__Norme evaluare activ_HCE 112_eng.pdf.md,7703664e72a0d57e2e35caccb357375453cf1ce2c7fd10ae2d7a6f594c7e8fd6,e8863c2f8ccbe9086536d02c3f5971af33ff40f5b9160abc741c6fb571ed74ef,text-extracted
123,legislation,"Norms on evaluation of assets accepted by the National Bank of Moldova as collateral for granting loans to banks, approved by the DEB of the NBM no.211 of August 8, 2019",https://www.bnm.md/files/Norme evaluare activ_HCE 112_eng.doc,https://www.bnm.md/en/content/norme-cu-privire-la-evaluarea-activelor-acceptate-de-banca-nationala-moldovei-ca-garantii-la,legal/original/123__Norme evaluare activ_HCE 112_eng.doc,legal/documents/123__Norme evaluare activ_HCE 112_eng.doc.md,279322296c309919f8ce8fd960e34b920693b954a08c1177b26ac3164d4aa7be,576392629f7bfb177c49906ba865823274fc9463e632a6b6a6256c0a560b2d32,text-extracted
124,legislation,"Regulation on open market operations of the National Bank of Moldova, approved by the DCA of the NBM, No. 188 of September 25, 2014",https://www.bnm.md/files/Reg_OPM_ HCE 65_amend_eng.pdf,https://www.bnm.md/en/content/regulation-open-market-operations-national-bank-moldova-approved-dca-nbm-no-188-september-25,legal/original/124__Reg_OPM_ HCE 65_amend_eng.pdf,legal/documents/124__Reg_OPM_ HCE 65_amend_eng.pdf.md,eb65f3ec28021367585b14120b1e7f3f31b2297962c3ca31acbcf0e307d2800f,f1123166eff03b25142ed25f19459916faf0c392062bfa52899ba8495afa0af1,text-extracted
125,legislation,"Regulation on open market operations of the National Bank of Moldova, approved by the DCA of the NBM, No. 188 of September 25, 2014",https://www.bnm.md/files/Reg_OPM_ HCE 65_amend_eng.doc,https://www.bnm.md/en/content/regulation-open-market-operations-national-bank-moldova-approved-dca-nbm-no-188-september-25,legal/original/125__Reg_OPM_ HCE 65_amend_eng.doc,legal/documents/125__Reg_OPM_ HCE 65_amend_eng.doc.md,af306c6fa94dbc5e81c821cbf4955845ed171fe0e5329f974d2f6670538b913e,52dfe76e3a71ef87ba35063645ab8841bf718eed8df33e421741d214b32f3a65,text-extracted
126,legislation,"Regulation on the Setting of the Official Exchange Rate of Moldovan Leu against Foreign Currencies, DCA of the NBM No.3 of January 15, 2009",https://www.bnm.md/files/curs oficial_EN-02_01_2026.pdf,https://www.bnm.md/en/content/regulation-setting-official-exchange-rate-moldovan-leu-against-foreign-currencies-dca-nbm,legal/original/126__curs oficial_EN-02_01_2026.pdf,legal/documents/126__curs oficial_EN-02_01_2026.pdf.md,327d19a12ed6e864e85a3c0c4d63a9949ce1da8a0212fa8bd94167fe92aa5bc4,6f64628f741a672cb90eb564f0a026ebdca6749b20d8e7c2a9f70964754b278a,text-extracted
127,legislation,"Regulation on the Setting of the Official Exchange Rate of Moldovan Leu against Foreign Currencies, DCA of the NBM No.3 of January 15, 2009",https://www.bnm.md/files/curs oficial_EN-02_01_2026.doc,https://www.bnm.md/en/content/regulation-setting-official-exchange-rate-moldovan-leu-against-foreign-currencies-dca-nbm,legal/original/127__curs oficial_EN-02_01_2026.doc,legal/documents/127__curs oficial_EN-02_01_2026.doc.md,3bcd12887f3c71d1c7eac003ce782c6239e3fe3af25dd0dc64849476cbf5f48f,b7d1e235b62fe2d51b147ec8348029e999c885765c5d28408be78cc54d579eb0,text-extracted
128,legislation,"Regulation on operation of the interbank money market in national currency, approved by the DCA of the NBM, no. 222 of November 21, 2013",https://www.bnm.md/files/Reg PMI_HCE 211_eng.pdf,https://www.bnm.md/en/content/regulation-operation-interbank-money-market-national-currency-approved-dca-nbm-no-222,legal/original/128__Reg PMI_HCE 211_eng.pdf,legal/documents/128__Reg PMI_HCE 211_eng.pdf.md,a8403fce375b9e5bd0c38b852048c6daf62171b045f49d75f36d97a8fd679de4,b3e12148626e7645954fdadfff5ccff29e549359045c3c267cb3420893f62e80,text-extracted
129,legislation,"Regulation on operation of the interbank money market in national currency, approved by the DCA of the NBM, no. 222 of November 21, 2013",https://www.bnm.md/files/Reg PMI_HCE 211_eng.doc,https://www.bnm.md/en/content/regulation-operation-interbank-money-market-national-currency-approved-dca-nbm-no-222,legal/original/129__Reg PMI_HCE 211_eng.doc,legal/documents/129__Reg PMI_HCE 211_eng.doc.md,3c61a326d1d5ec6e86f837867deda97e484c60edc93a60505b143ac3c9dbcb9e,178c6f08ae32f6f06422f660a832a61cda85f6a71e6ae03e2b26b793d09d3c43,text-extracted
130,legislation,"Regulation on the Required Reserves Regime, approved by the DEB of the NBM no.355 of December 27, 2017",https://www.bnm.md/files/Annexes-Reg RO eng ajustat_final (1).doc,https://www.bnm.md/en/content/regulation-required-reserves-regime-approved-deb-nbm-no355-december-27-2017,legal/original/130__Annexes-Reg RO eng ajustat_final (1).doc,legal/documents/130__Annexes-Reg RO eng ajustat_final (1).doc.md,c827e805503fbc44419dc20e9e4f3c24172ff6147985d7b08a6953a8bd4e3b9b,fca89d65f57f9b1edbdfed5058345859246058263ec47abf8033c7721471b8fe,text-extracted
131,legislation,"Regulation on the Required Reserves Regime, approved by the DEB of the NBM no.355 of December 27, 2017",https://www.bnm.md/files/Annexes-Reg RO eng ajustat_final (1).pdf,https://www.bnm.md/en/content/regulation-required-reserves-regime-approved-deb-nbm-no355-december-27-2017,legal/original/131__Annexes-Reg RO eng ajustat_final (1).pdf,legal/documents/131__Annexes-Reg RO eng ajustat_final (1).pdf.md,338e85b05200a8ff13a73e3aa23003314104a657762ac0deb227ce092cbebbc3,7aa5a0a321217c98b0a3a27627543ca40baa061edf55bf010908b1644b0cdda9,text-extracted
132,legislation,"Regulation on CHIBOR and CHIBID reference rates, approved by DCA of the NBM no.110 of May 30, 2013",https://www.bnm.md/files/normative_act/annex_1.pdf,https://www.bnm.md/en/content/regulation-chibor-and-chibid-reference-rates-approved-dca-nbm-no110-may-30-2013,legal/original/132__annex_1.pdf,legal/documents/132__annex_1.pdf.md,6bb8dc76769eff89a6070143a0ad2a0d4bd1240fbe9e22238cdc9e750235ed61,c04f3213287f59f21c698a5e3ac426cd922a9f4b52bdfa0d84e6cb0e14db4cfe,text-extracted
133,legislation,"Regulation on the performance of transactions on the interbank foreign exchange market of the Republic of Moldova, approved by the DCA of the NBM no.8 of January 24, 2013",https://www.bnm.md/files/r 8-2013 v engleză.pdf,https://www.bnm.md/en/content/regulation-performance-transactions-interbank-foreign-exchange-market-republic-moldova,legal/original/133__r 8-2013 v engleză.pdf,legal/documents/133__r 8-2013 v engleză.pdf.md,b62c0ac68fdf0453cc9ec0f2b13c89686c98b76419cabac12c3282dd07fca505,87d2384b26a10217966d878ea7fdbe1745bc469ebd9c045a495105e71c4dcbb0,text-extracted
134,legislation,"Regulation on the performance of transactions on the interbank foreign exchange market of the Republic of Moldova, approved by the DCA of the NBM no.8 of January 24, 2013",https://www.bnm.md/files/r 8-2013 v engleză.doc,https://www.bnm.md/en/content/regulation-performance-transactions-interbank-foreign-exchange-market-republic-moldova,legal/original/134__r 8-2013 v engleză.doc,legal/documents/134__r 8-2013 v engleză.doc.md,33099ee91e71dbeb02f2289e3de5b15bc14fda5a127ada7ee9bc21018911752f,9a7af4afc7a2b2e0799f68649c187a331de28c4e051c3a232fcd190d9ac0fb46,text-extracted
135,legislation,"Regulation on the supervision of the Single Central Securities Depository, approved by Decision of the Executive Board of the National Bank of Moldova No 69/2026",https://www.bnm.md/files/regulation csd eng no 69.pdf,https://www.bnm.md/en/content/regulation-supervision-single-central-securities-depository-approved-decision-executive,legal/original/135__regulation csd eng no 69.pdf,legal/documents/135__regulation csd eng no 69.pdf.md,91c137aa758f092241d2e0d47b8542dce277821def7d0bf952e49966fe4b9160,2b379bbe29a034d0d982d5292a57f7bf102424e0e4a22660ee8c3fe29d7be5e0,text-extracted
136,legislation,"Regulation on the supervision of the Single Central Securities Depository, approved by Decision of the Executive Board of the National Bank of Moldova No 69/2026",https://www.bnm.md/files/regulation csd eng no 69.docx,https://www.bnm.md/en/content/regulation-supervision-single-central-securities-depository-approved-decision-executive,legal/original/136__regulation csd eng no 69.docx,legal/documents/136__regulation csd eng no 69.docx.md,3a80bde7670fcb5a9a58b6821ca3536c2020dbabd0d1f8171917ee4afa6657c3,936cef63c1ece0f57dc55a5d89618fd254fbe376d6540122daa290873213a167,text-extracted
137,legislation,"Regulation on the supervision of non-bank payment service providers, approved by the Decision of the Executive Board of the NBM No. 162 of July 17 2025",https://www.bnm.md/files/Reg pv supraveghere PSPN_162_Eng.pdf,https://www.bnm.md/en/content/regulation-supervision-non-bank-payment-service-providers-approved-decision-executive-board,legal/original/137__Reg pv supraveghere PSPN_162_Eng.pdf,legal/documents/137__Reg pv supraveghere PSPN_162_Eng.pdf.md,d57bd85a882a6eec95775987a507666833a9b98fd9fe18cc6988c58a2dd0db86,92e8e0b9ad65732f025a09bb6f884e547dab8094983e8433f8a93c9273189b25,text-extracted
138,legislation,"Regulation on the supervision of non-bank payment service providers, approved by the Decision of the Executive Board of the NBM No. 162 of July 17 2025",https://www.bnm.md/files/Reg pv supraveghere PSPN_162_Eng.docx,https://www.bnm.md/en/content/regulation-supervision-non-bank-payment-service-providers-approved-decision-executive-board,legal/original/138__Reg pv supraveghere PSPN_162_Eng.docx,legal/documents/138__Reg pv supraveghere PSPN_162_Eng.docx.md,92805272184caad683a5c62739bc46684db2521a21313cddb1797164e8c3179a,0670e3045595b78d431ad79cbf4432f99bf9fc30b91ee1c6d477fb24077adf45,text-extracted
139,legislation,"Regulation on the audit of non-bank payment service providers, approved by the Decision of the Executive Board of the NBM No 267 of October 31 2024 (in force from 7. 11. 2024)",https://www.bnm.md/files/Reg_audit_PSP_267_31_10_2024_eng_1.pdf,https://www.bnm.md/en/content/regulation-audit-non-bank-payment-service-providers-approved-decision-executive-board-nbm-no,legal/original/139__Reg_audit_PSP_267_31_10_2024_eng_1.pdf,legal/documents/139__Reg_audit_PSP_267_31_10_2024_eng_1.pdf.md,467fd4c42fb313b13888588f900c16effe6c1a5ef80615d8b3d8340fd0997a78,d6eb0a4418548bd113c588ebf9e0a13410a1cf6a3d81447a3e3fb4a08f93f9a0,text-extracted
140,legislation,"Regulation on the audit of non-bank payment service providers, approved by the Decision of the Executive Board of the NBM No 267 of October 31 2024 (in force from 7. 11. 2024)",https://www.bnm.md/files/Reg_audit_PSP_267_31_10_2024_eng_1.docx,https://www.bnm.md/en/content/regulation-audit-non-bank-payment-service-providers-approved-decision-executive-board-nbm-no,legal/original/140__Reg_audit_PSP_267_31_10_2024_eng_1.docx,legal/documents/140__Reg_audit_PSP_267_31_10_2024_eng_1.docx.md,a34fd251a0a22953e72d692e0b7df8f230e199746f3bdbf9f77e19fc295da80e,3a59f85fc72fc1552035a1c10dcf848080b070c7707fdf4232f65a9ca242bf90,text-extracted
141,legislation,"Regulation on strong customer authentication and open, common, and secure standard of communication between payment service providers, aprooved by the Decision of the EB of the NBM No 12 of 11.01.2024",https://www.bnm.md/files/Regulament nr_12 din 11_01_2024_ENG_2.pdf,https://www.bnm.md/en/content/regulation-strong-customer-authentication-and-open-common-and-secure-standard-0,legal/original/141__Regulament nr_12 din 11_01_2024_ENG_2.pdf,legal/documents/141__Regulament nr_12 din 11_01_2024_ENG_2.pdf.md,e2b1b7cee8249485dd31240972b85a11a3b19e8a6edaf46c7194f75007eeab06,58cb4afc734e9347c20879d1faff760f2e3fed34ea9ae262fe24bfd972f70631,text-extracted
142,legislation,"Regulation on strong customer authentication and open, common, and secure standard of communication between payment service providers, aprooved by the Decision of the EB of the NBM No 12 of 11.01.2024",https://www.bnm.md/files/Regulament nr_12 din 11_01_2024_ENG_1.docx,https://www.bnm.md/en/content/regulation-strong-customer-authentication-and-open-common-and-secure-standard-0,legal/original/142__Regulament nr_12 din 11_01_2024_ENG_1.docx,legal/documents/142__Regulament nr_12 din 11_01_2024_ENG_1.docx.md,1458b1d88fb278434639e22c7530f436bd2038e4ec445f207e7de73a33b61547,058d9be083455facc87559112d9e48ccc02d52a5ac4a72d833c088158902ce55,text-extracted
143,legislation,Regulation on the notification of activities referred to in Art. 2 para. (2) item 11) lett. a) and b) of Law No. 114/2012 on payment services and electronic money,https://www.bnm.md/files/Reg_ notificare activitate_ENG.pdf,https://www.bnm.md/en/content/regulation-notification-activities-referred-art-2-para-2-item-11-lett-and-b-law-no-1142012,legal/original/143__Reg_ notificare activitate_ENG.pdf,legal/documents/143__Reg_ notificare activitate_ENG.pdf.md,447c1a03996ee2b176507628997a7644b53dcc56af750b656d39b0e5c5d413ad,91128e33a51843889973b823a8b162d1066471b2fee70f4cb906f706f1acd272,text-extracted
144,legislation,Regulation on the notification of activities referred to in Art. 2 para. (2) item 11) lett. a) and b) of Law No. 114/2012 on payment services and electronic money,https://www.bnm.md/files/Reg_ notificare activitate_ENG (1).docx,https://www.bnm.md/en/content/regulation-notification-activities-referred-art-2-para-2-item-11-lett-and-b-law-no-1142012,legal/original/144__Reg_ notificare activitate_ENG (1).docx,legal/documents/144__Reg_ notificare activitate_ENG (1).docx.md,35927dd6706110286853c52aa91d507816ae71c6bc9b290193ca811d9e43eb3e,50be70d98bd9d274c95d8c0304675906de42560c30b43ffdd7bf5eb9ce4d6c66,text-extracted
145,legislation,"Regulation on the Automated Domestic Payments System, approved by the Decision of the Executive Board of the NBM No 179 of 27 June 2019",https://www.bnm.md/files/Reg_ SAPI_ENG (1).pdf,https://www.bnm.md/en/content/regulation-automated-domestic-payments-system-approved-decision-executive-board-nbm-no-179,legal/original/145__Reg_ SAPI_ENG (1).pdf,legal/documents/145__Reg_ SAPI_ENG (1).pdf.md,8b785343665b2ca7a89b3a40af8c3b149d3a979da02a43a524615365324c7a87,9f27570d44c100d2a2b143c567d0c9789c995b58633a98e7c2c62a79c80ac520,text-extracted
146,legislation,"Regulation on the Automated Domestic Payments System, approved by the Decision of the Executive Board of the NBM No 179 of 27 June 2019",https://www.bnm.md/files/Reg_ SAPI_ENG (1).docx,https://www.bnm.md/en/content/regulation-automated-domestic-payments-system-approved-decision-executive-board-nbm-no-179,legal/original/146__Reg_ SAPI_ENG (1).docx,legal/documents/146__Reg_ SAPI_ENG (1).docx.md,bbf86cabff4366dc379e703a2d83f12d45cd4e6d228d6e39708e4c885860f0c9,751bc8a6937ff9031270f9e929dd03c6572b88e3eb03a3f389ddd679024a7a46,text-extracted
147,legislation,"Regulation on licencing and registration of payment institutions, electronic money institutions and postal service providers acting as payment service providers and/or electronic money issuers, approved by the Decision of the Executive Board of the NBM No 11 of 11 January 2024",https://www.bnm.md/files/Reg_ licentiere nr_11_2024_ENG.pdf,https://www.bnm.md/en/content/regulation-licencing-and-registration-payment-institutions-electronic-money-institutions-and,legal/original/147__Reg_ licentiere nr_11_2024_ENG.pdf,legal/documents/147__Reg_ licentiere nr_11_2024_ENG.pdf.md,5c71e9143fc59f3e9d8addc967d80b0e1aa42b6634437e15ecd3f8c9858d81a6,b684ac9aa89f5260b2b3418eb500ab73436672dbf16e39721147c2aeb2097041,text-extracted
148,legislation,"Regulation on licencing and registration of payment institutions, electronic money institutions and postal service providers acting as payment service providers and/or electronic money issuers, approved by the Decision of the Executive Board of the NBM No 11 of 11 January 2024",https://www.bnm.md/files/Reg_ licentiere nr_11_2024_ENG.docx,https://www.bnm.md/en/content/regulation-licencing-and-registration-payment-institutions-electronic-money-institutions-and,legal/original/148__Reg_ licentiere nr_11_2024_ENG.docx,legal/documents/148__Reg_ licentiere nr_11_2024_ENG.docx.md,0bb7c8f55b889c1a61a3832377f3afdc8250081ea6a581e8855fb7fa31389e4b,4dee41e33e7e8bca1e7cecba8588ef040fe6d975331df1590b5691af4e507f65,text-extracted
149,legislation,"Regulation on the activity of non-bank payment service providers, approved by the Decision of the Executive Board of the NBM No 10 of 11 January 2024",https://www.bnm.md/files/Reg activit_en.pdf,https://www.bnm.md/en/content/regulation-activity-non-bank-payment-service-providers-approved-decision-executive-board-0,legal/original/149__Reg activit_en.pdf,legal/documents/149__Reg activit_en.pdf.md,43a1afa3b578635374b793770fa7c80a28debe5b22a486471b0a4ad1756f8c62,cb6ac5d3fdbd2f0615132ed07375efa187ccd37d2532a1ee67f8ad6921be067c,text-extracted
150,legislation,"Regulation on the activity of non-bank payment service providers, approved by the Decision of the Executive Board of the NBM No 10 of 11 January 2024",https://www.bnm.md/files/Reg activit_en.docx,https://www.bnm.md/en/content/regulation-activity-non-bank-payment-service-providers-approved-decision-executive-board-0,legal/original/150__Reg activit_en.docx,legal/documents/150__Reg activit_en.docx.md,bfc8926e3a4880a314c29764ce1f963f498e3eeec11b8806dc543539c0579df7,66b32c1e64243423534780c09614b47efb2b0015746d120bfa6914e57115e9ad,text-extracted
151,legislation,"Regulation on strong customer authentication and open, common, and secure standard of communication between payment service providers, No 12 of 11.01.2024",https://www.bnm.md/files/Regulament nr_12 din 11_01_2024_ENG_1.pdf,https://www.bnm.md/en/content/regulation-strong-customer-authentication-and-open-common-and-secure-standard-communication,legal/original/151__Regulament nr_12 din 11_01_2024_ENG_1.pdf,legal/documents/151__Regulament nr_12 din 11_01_2024_ENG_1.pdf.md,424e356646685cd734479e23f27b8aeac6ca626c8650b2a249afe079f1a04e47,080bee8f3ebd6b99960fa3d149688063c964f5845a4f277a8b9ced7fb5f7a7df,text-extracted
152,legislation,"Regulation on strong customer authentication and open, common, and secure standard of communication between payment service providers, No 12 of 11.01.2024",https://www.bnm.md/files/Regulament nr_12 din 11_01_2024_ENG.docx,https://www.bnm.md/en/content/regulation-strong-customer-authentication-and-open-common-and-secure-standard-communication,legal/original/152__Regulament nr_12 din 11_01_2024_ENG.docx,legal/documents/152__Regulament nr_12 din 11_01_2024_ENG.docx.md,3ae04ef77067a11f4506655d092b0cb415f40195341f246686f3efc3f98cfe25,f634f77027983348e9c8756f033081657682ccb98d80fd686ee25c3cc680302f,text-extracted
153,legislation,Regulation on holdings in non-bank payment service providers No. 9 from 11.01.2024,https://www.bnm.md/files/Regulament participatiuni_EN.pdf,https://www.bnm.md/en/content/regulation-holdings-non-bank-payment-service-providers-no-9-11012024,legal/original/153__Regulament participatiuni_EN.pdf,legal/documents/153__Regulament participatiuni_EN.pdf.md,ccddfcf73dd1a311048cdcad3363445463e28f9527bff757e277743425dc07ef,e7024b9fac7cab66796c9038adabe4b4f4b9815f85012bd516575f3e6fcfb830,text-extracted
154,legislation,Regulation on holdings in non-bank payment service providers No. 9 from 11.01.2024,https://www.bnm.md/files/Regulament participatiuni_EN.docx,https://www.bnm.md/en/content/regulation-holdings-non-bank-payment-service-providers-no-9-11012024,legal/original/154__Regulament participatiuni_EN.docx,legal/documents/154__Regulament participatiuni_EN.docx.md,03b7162e137ce68e2a68c572e91edcaa68f71ee468a65bf5cd9a2b75665cc081,1b27a87b0ba9adc55815bfa2705f7c8b58fe7b3a0c29d6166f0b140161462c98,text-extracted
155,legislation,"Regulation on credit transfer, direct debiting, and the assignment of IBAN codes, approved by the Decision of the Executive Board of the NBM no.108 of 08 June, 2023",https://www.bnm.md/files/Reg_TrCrDDSEPA+IBAN_eng_1.pdf,https://www.bnm.md/en/content/regulamentul-cu-privire-la-transferul-de-credit-debitarea-directa-si-atribuirea-codurilor,legal/original/155__Reg_TrCrDDSEPA+IBAN_eng_1.pdf,legal/documents/155__Reg_TrCrDDSEPA+IBAN_eng_1.pdf.md,ef0eb84fa9d610a6781df038284e4e19aa06d74973abd1ac16ceca623b4d5ca4,df8f149e212534fa7efbb531cbe62d7d3ba708b8263cc4d8772186054cf63b0a,text-extracted
156,legislation,"Regulation on credit transfer, direct debiting, and the assignment of IBAN codes, approved by the Decision of the Executive Board of the NBM no.108 of 08 June, 2023",https://www.bnm.md/files/Reg_TrCrDDSEPA+IBAN_eng_1.docx,https://www.bnm.md/en/content/regulamentul-cu-privire-la-transferul-de-credit-debitarea-directa-si-atribuirea-codurilor,legal/original/156__Reg_TrCrDDSEPA+IBAN_eng_1.docx,legal/documents/156__Reg_TrCrDDSEPA+IBAN_eng_1.docx.md,1a4a98335db8ed624221b85846e9a6e8f0a7b7a82f972622450c62e3013f7b5c,0b4c1f79a2553da8b51016d02c742c32f402a8c6c06a6386d80174dbfeb8cc0f,text-extracted
157,legislation,"Regulation regarding on-site inspections for non-bank payment service providers and the criteria for applying remedies and sanctions, approved by the Decision of the Executive Board of the NBM, No. 326 of December 11, 2019",https://www.bnm.md/files/Reg_inspections non-bank PSP.pdf,https://www.bnm.md/en/content/regulation-regarding-site-inspections-non-bank-payment-service-providers-and-criteria,legal/original/157__Reg_inspections non-bank PSP.pdf,legal/documents/157__Reg_inspections non-bank PSP.pdf.md,6b9a2fa04462316e663383bab3138b30c950a07a3c9eab633af277542a081d22,aeba34330c1da94be7a98955e075cfb7865a4240df672b7ef3d7eb874aeaed54,text-extracted
158,legislation,"Regulation regarding on-site inspections for non-bank payment service providers and the criteria for applying remedies and sanctions, approved by the Decision of the Executive Board of the NBM, No. 326 of December 11, 2019",https://www.bnm.md/files/Reg_inspections non-bank PSP.doc,https://www.bnm.md/en/content/regulation-regarding-site-inspections-non-bank-payment-service-providers-and-criteria,legal/original/158__Reg_inspections non-bank PSP.doc,legal/documents/158__Reg_inspections non-bank PSP.doc.md,6fb8067c7f63ac49f4ee3704dcf747da466243a66ba3ae1345ffc39084886425,a960e5044b794a81dc5079a78c5b50a21613626c6afc6f5c403fd761b854750c,text-extracted
159,legislation,"Regulation on the credit activity of non-bank payment service providers, approved by the Decision of the Executive Board of the NBM no.158 of 5 June 2019",https://www.bnm.md/files/Regulament creditare_eng_1.pdf,https://www.bnm.md/en/content/regulation-credit-activity-non-bank-payment-service-providers-approved-decision-executive,legal/original/159__Regulament creditare_eng_1.pdf,legal/documents/159__Regulament creditare_eng_1.pdf.md,153329ccc8bf6db65d5b40411c775b540d2ec444ddcfbb6d3b4f229f88ad4a5c,f48afcb27583539f14471d627a750bfa6848e82e41d5bd42214a26b01972c117,text-extracted
160,legislation,"Regulation on the credit activity of non-bank payment service providers, approved by the Decision of the Executive Board of the NBM no.158 of 5 June 2019",https://www.bnm.md/files/Regulament creditare_eng_1.doc,https://www.bnm.md/en/content/regulation-credit-activity-non-bank-payment-service-providers-approved-decision-executive,legal/original/160__Regulament creditare_eng_1.doc,legal/documents/160__Regulament creditare_eng_1.doc.md,e7f28e8330e46f8b56a19501227f15cde4177872e3b99fe689b31841157f4903,7a90ff51a47d8a22b58489782175d646711ade5c7b12ca82338674c6e8dee2af,text-extracted
161,legislation,"Regulation on the conditions for granting, suspending and withdrawing the rights of participation in the Central Securities Depository, approved by the Decision of the Executive Board of the NBM no.159 of 11 July 2018",https://www.bnm.md/files/6_3_1 HCE_AjustRegParticipantDCU_ENG _new.pdf,https://www.bnm.md/en/content/regulation-conditions-granting-suspending-and-withdrawing-rights-participation-central,legal/original/161__6_3_1 HCE_AjustRegParticipantDCU_ENG _new.pdf,legal/documents/161__6_3_1 HCE_AjustRegParticipantDCU_ENG _new.pdf.md,bc2cf98fbc96d268aba404335a877b0fc8831bb72a852c65b26c20192acfa29e,b749e0ed9c2ab1315c883fc5fa3a46672947b74e74a1b4edc801a218e1d4a680,text-extracted
162,legislation,"Regulation on the conditions for granting, suspending and withdrawing the rights of participation in the Central Securities Depository, approved by the Decision of the Executive Board of the NBM no.159 of 11 July 2018",https://www.bnm.md/files/6_3 HCE_AjustRegParticipantDCU_ENG _new.docx,https://www.bnm.md/en/content/regulation-conditions-granting-suspending-and-withdrawing-rights-participation-central,legal/original/162__6_3 HCE_AjustRegParticipantDCU_ENG _new.docx,legal/documents/162__6_3 HCE_AjustRegParticipantDCU_ENG _new.docx.md,4fe300dccd03f81c48acaebd40bd8b680f46db7aed159ee2607b60046c32d7a6,b9f5f31b7bf6c4c3f843230253d538be35719770e1df82223bd433e2519febd5,text-extracted
163,legislation,Decision NBM no 210/2025 for the approval of the Regulation on the conduct of simultaneous activities by insurance undertakings,https://www.bnm.md/files/Regulation no_210_2025 on the conduct of simultaneous activities by insurance undertakings.pdf,https://www.bnm.md/en/content/decision-nbm-no-2102025-approval-regulation-conduct-simultaneous-activities-insurance,legal/original/163__Regulation no_210_2025 on the conduct of simultaneous activities by insurance undertakings.pdf,legal/documents/163__Regulation no_210_2025 on the conduct of simultaneous activities by insurance undertakings.pdf.md,148178e777085773c3a2fffb83425c69cb4c7ff0d5333337bf846a4e5518883b,c0040f86d89e27fae8ee420bdc6d9218b6fad2ac04778c54a73a20aa00741315,text-extracted
164,legislation,Decision NBM no 210/2025 for the approval of the Regulation on the conduct of simultaneous activities by insurance undertakings,https://www.bnm.md/files/Regulation no_210_2025 on the conduct of simultaneous activities by insurance undertakings.docx,https://www.bnm.md/en/content/decision-nbm-no-2102025-approval-regulation-conduct-simultaneous-activities-insurance,legal/original/164__Regulation no_210_2025 on the conduct of simultaneous activities by insurance undertakings.docx,legal/documents/164__Regulation no_210_2025 on the conduct of simultaneous activities by insurance undertakings.docx.md,e8043606f990a9b4c055ad37abe0d426656ba0528d4389eaa9912c4feabb0c32,5298f3bf3d50573be606f05e4631814d4010ce0b64b247a327e221b76c305b0b,text-extracted
165,legislation,Decision No. 124 of 28.05.2025 for the approval of the Regulation on the preparation and publication of the Solvency and Financial Condition Report by insurance or reinsurance undertakings,https://www.bnm.md/files/Regulation on SFCR no_124 of 28_05_2025 (engl) (1).pdf,https://www.bnm.md/en/content/hotararea-bnm-nr-124-din-28-05-2025-pentru-aprobarea-regulamentului-cu-privire-la-intocmirea,legal/original/165__Regulation on SFCR no_124 of 28_05_2025 (engl) (1).pdf,legal/documents/165__Regulation on SFCR no_124 of 28_05_2025 (engl) (1).pdf.md,e58e4490d24cafe90f861a85c882240c393c114abe582dbe66abc1f268bfb415,769eae5b0053645cbe8545d0f032cf56d3852f807e4e6244f6bf6035dffcadc1,text-extracted
166,legislation,Decision No. 124 of 28.05.2025 for the approval of the Regulation on the preparation and publication of the Solvency and Financial Condition Report by insurance or reinsurance undertakings,https://www.bnm.md/files/Regulation on SFCR no_124 of 28_05_2025 (engl) (1).docx,https://www.bnm.md/en/content/hotararea-bnm-nr-124-din-28-05-2025-pentru-aprobarea-regulamentului-cu-privire-la-intocmirea,legal/original/166__Regulation on SFCR no_124 of 28_05_2025 (engl) (1).docx,legal/documents/166__Regulation on SFCR no_124 of 28_05_2025 (engl) (1).docx.md,2da37e3b687c16f9792465c69e09ad35f094dad7e090651d008f3b731104cac7,37a5f21208f38ca081e8fa21ff72e4cb85145b5df83ac9fd3cd06431e9bccce6,text-extracted
167,legislation,"Decision on the approval of the Regulation on own funds, the valuation of assets and liabilities, assets eligible to cover technical provisions and the minimum capital requirement, solvency and liquidity of the insurance or reinsurance undertaking and the amendment of certain normative acts (prudential/financial stability indicators in the insurance sector) No 328 of 19.12.2024",https://www.bnm.md/files/Decision of the NBM on the approval of the Regulation on own funds No 328_2024 (ENG).pdf,https://www.bnm.md/en/content/decision-approval-regulation-own-funds-valuation-assets-and-liabilities-assets-eligible,legal/original/167__Decision of the NBM on the approval of the Regulation on own funds No 328_2024 (ENG).pdf,legal/documents/167__Decision of the NBM on the approval of the Regulation on own funds No 328_2024 (ENG).pdf.md,c03a5efbeb9e36d6c23f4420194a7062d41a9860e215539e92c432970bc9b23a,ac8e2de49546fdf92044a1741389c1992cd9df91b62e194949ef0b0f24053b91,text-extracted
168,legislation,"Decision on the approval of the Regulation on own funds, the valuation of assets and liabilities, assets eligible to cover technical provisions and the minimum capital requirement, solvency and liquidity of the insurance or reinsurance undertaking and the amendment of certain normative acts (prudential/financial stability indicators in the insurance sector) No 328 of 19.12.2024",https://www.bnm.md/files/Decision of the NBM on the approval of the Regulation on own funds No 328_2024 (ENG).docx,https://www.bnm.md/en/content/decision-approval-regulation-own-funds-valuation-assets-and-liabilities-assets-eligible,legal/original/168__Decision of the NBM on the approval of the Regulation on own funds No 328_2024 (ENG).docx,legal/documents/168__Decision of the NBM on the approval of the Regulation on own funds No 328_2024 (ENG).docx.md,7dcd7eb0c15d58d19e0dfb458674b8c1b6e0940a8b4beed484591f5c3adffb14,0fd4e5894214d15539a989b90730df529af12bf3bbd12d354ab5421747078082,text-extracted
169,legislation,"Regulation on the licensing of the insurance and/or reinsurance broker, approved by the Decision of the National Commission for Financial Markets No 34/15/2023",https://www.bnm.md/files/Reg_licensing_broker_34-15-2023(EN).pdf,https://www.bnm.md/en/content/regulation-licensing-insurance-andor-reinsurance-broker-approved-decision-national,legal/original/169__Reg_licensing_broker_34-15-2023(EN).pdf,legal/documents/169__Reg_licensing_broker_34-15-2023(EN).pdf.md,fec316b19e3e8391f390bf5ba6f47b30dd659e24e3bf03aa38cc539e85b1fd52,430b2d4dbc63fda75e59589283a100f9571d3b4b3e1849687b68b295af72fd41,text-extracted
170,legislation,"Regulation on the licensing of the insurance and/or reinsurance broker, approved by the Decision of the National Commission for Financial Markets No 34/15/2023",https://www.bnm.md/files/Reg_licensing_broker_34-15-2023(EN) (1).docx,https://www.bnm.md/en/content/regulation-licensing-insurance-andor-reinsurance-broker-approved-decision-national,legal/original/170__Reg_licensing_broker_34-15-2023(EN) (1).docx,legal/documents/170__Reg_licensing_broker_34-15-2023(EN) (1).docx.md,00531b074cfd049fdf909478e3701b25a3b3d6929115b3277e4558cf3e639052,df61010b3354f52dc57aab014a6f5af73f034bd6ed5b6227ba7f8d8674e05f44,text-extracted
171,legislation,"Regulation on the registration/licensing of insurance or reinsurance undertakings and branches of insurance or reinsurance undertakings in third countries, approved by the Decision of the National Commission for Financial Markets No 31/1 of 15.06.2023",https://www.bnm.md/files/Reg_ reg-lic_insurance 31-1-2023(EN).pdf,https://www.bnm.md/en/content/regulation-registrationlicensing-insurance-or-reinsurance-undertakings-and-branches,legal/original/171__Reg_ reg-lic_insurance 31-1-2023(EN).pdf,legal/documents/171__Reg_ reg-lic_insurance 31-1-2023(EN).pdf.md,2c1292e907c87249dcd83c3ac2ac0bea6b029aaf468cc937d3a4129fa6b380e7,3158e9c8ac60b007b878b715c3c57aec1b95a9e7780a5f18bf6d6575d882b800,text-extracted
172,legislation,"Regulation on the registration/licensing of insurance or reinsurance undertakings and branches of insurance or reinsurance undertakings in third countries, approved by the Decision of the National Commission for Financial Markets No 31/1 of 15.06.2023",https://www.bnm.md/files/Reg_ reg-lic_insurance 31-1-2023(EN).docx,https://www.bnm.md/en/content/regulation-registrationlicensing-insurance-or-reinsurance-undertakings-and-branches,legal/original/172__Reg_ reg-lic_insurance 31-1-2023(EN).docx,legal/documents/172__Reg_ reg-lic_insurance 31-1-2023(EN).docx.md,af6dc3b2f1071d4925f04364edf9f20da73db30c11e8bb08f0d01fd31161feaf,8329d03e8245cd980ecb82fb4935d7f8667c5a314f33823e8647c1bb7b73c30b,text-extracted
173,legislation,"Regulation on the system of governance of insurance or reinsurance undertakings, approved by the Decision of the Executive Board of the NBM No 241/2024",https://www.bnm.md/files/Insurance governance reg_241-24.pdf,https://www.bnm.md/en/content/regulation-system-governance-insurance-or-reinsurance-undertakings-approved-decision,legal/original/173__Insurance governance reg_241-24.pdf,legal/documents/173__Insurance governance reg_241-24.pdf.md,c56772e52a62ece8898b26660305db0fbf8ddbf8e6b24fb7f546a316614198ac,0697b6e2ae0e527f2be48d207eef9f37b7bd140419704296702036fe52cd60cd,text-extracted
174,legislation,"Regulation on the system of governance of insurance or reinsurance undertakings, approved by the Decision of the Executive Board of the NBM No 241/2024",https://www.bnm.md/files/Insurance governance reg_241-24.docx,https://www.bnm.md/en/content/regulation-system-governance-insurance-or-reinsurance-undertakings-approved-decision,legal/original/174__Insurance governance reg_241-24.docx,legal/documents/174__Insurance governance reg_241-24.docx.md,1fa211ce49edadc051d3add8631aedc92c9d2a8e70627fdc20a74bfc426e49f4,a41a52a8c2da0261ecf9b1c544505bbe97600e8dc6c2014185007d0db6239d47,text-extracted
175,legislation,"Regulation on the internal assessment of own risks and solvency of insurance or reinsurance undertakings and the requirements for carrying out tests for the assessment of the ability to maintain financial stability,approved by the Decision of the Executive Board of the NBM No 243/2024",https://www.bnm.md/files/ORSA_insurance reg_243-2024.pdf,https://www.bnm.md/en/content/regulation-internal-assessment-own-risks-and-solvency-insurance-or-reinsurance-undertakings,legal/original/175__ORSA_insurance reg_243-2024.pdf,legal/documents/175__ORSA_insurance reg_243-2024.pdf.md,17c66f6a40e57563a71a2a6e4144755b0b875aaf3245b8e740de737a66727060,a4db11cb67841bc9590aec5168208fdfe6622b4c8eaf5ccac2c1a45997415adb,text-extracted
176,legislation,"Regulation on the internal assessment of own risks and solvency of insurance or reinsurance undertakings and the requirements for carrying out tests for the assessment of the ability to maintain financial stability,approved by the Decision of the Executive Board of the NBM No 243/2024",https://www.bnm.md/files/ORSA_insurance reg_243-2024.docx,https://www.bnm.md/en/content/regulation-internal-assessment-own-risks-and-solvency-insurance-or-reinsurance-undertakings,legal/original/176__ORSA_insurance reg_243-2024.docx,legal/documents/176__ORSA_insurance reg_243-2024.docx.md,5c1c1b9b045d9c4ae75ebbd2ac3c4075c4a2f34b6a0430d2fea590b278517a53,e7bdd0bac29698f270bd6fb3228af83a3fbc4aaebd0d219a1228872d440b8585,text-extracted
177,legislation,"Regulation on the outsourcing of functions and activities related to insurance or reinsurance activity by insurance or reinsurance undertakings, approved by the Decision of the Executive Board of the NBM No 242/2024",https://www.bnm.md/files/Insurance outsourcing reg_242-2024.pdf,https://www.bnm.md/en/content/regulation-outsourcing-functions-and-activities-related-insurance-or-reinsurance-activity,legal/original/177__Insurance outsourcing reg_242-2024.pdf,legal/documents/177__Insurance outsourcing reg_242-2024.pdf.md,15bcea598ccbbed8f648aab36a89bf98d7a8c1477ea145e022f79f23fe27776e,003be2d2f5c428ccb12d8c7a459fbac53bc210d0461f3b8339c4caa7fe3f6f5d,text-extracted
178,legislation,"Regulation on the outsourcing of functions and activities related to insurance or reinsurance activity by insurance or reinsurance undertakings, approved by the Decision of the Executive Board of the NBM No 242/2024",https://www.bnm.md/files/Insurance outsourcing reg_242-2024.docx,https://www.bnm.md/en/content/regulation-outsourcing-functions-and-activities-related-insurance-or-reinsurance-activity,legal/original/178__Insurance outsourcing reg_242-2024.docx,legal/documents/178__Insurance outsourcing reg_242-2024.docx.md,9114135ae01669f8cfb43f754ae6ebebe7ff79debb163d8a65b2e2ec270d514e,acc11b7b06cde327969926162c467ea16df3b435ffe9e2e23f8b540e5c4a90a8,text-extracted
179,legislation,"Regulation on the audit of insurance and reinsurance undertakings, approved by the Decision of the Executive Board of the NBM No 71 of 29.02.2024 (in force as of 14.03.2024)",https://www.bnm.md/files/Regulation on Audit (insurance)  No 71(29_02_2024).pdf,https://www.bnm.md/en/content/regulation-audit-insurance-and-reinsurance-undertakings-approved-decision-executive-board,legal/original/179__Regulation on Audit (insurance) No 71(29_02_2024).pdf,legal/documents/179__Regulation on Audit (insurance) No 71(29_02_2024).pdf.md,10b6fc736414e56a650007bcdbc6122238dbea6a75bb11c1d1972510afb53901,cfe717ce62406f65134c09f8e00d5d593adcdb4589a965e8c72e9a804cee97cf,text-extracted
180,legislation,"Regulation on the audit of insurance and reinsurance undertakings, approved by the Decision of the Executive Board of the NBM No 71 of 29.02.2024 (in force as of 14.03.2024)",https://www.bnm.md/files/Regulation on Audit (insurance)  No 71(29_02_2024).docx,https://www.bnm.md/en/content/regulation-audit-insurance-and-reinsurance-undertakings-approved-decision-executive-board,legal/original/180__Regulation on Audit (insurance) No 71(29_02_2024).docx,legal/documents/180__Regulation on Audit (insurance) No 71(29_02_2024).docx.md,74d455d894b99cef7700717f4c86715dbfe4292b4044b15d8e0a6e5ea09f28c5,7d69753d1b830a308a4a449a5b75569490df67acd4943c89eac78a8a6a7e2476,text-extracted
181,legislation,"Regulation on the time limits, procedure, and methods for issuing approvals regarding transactions, requirements for keeping the Register of guarantees, commitments, and other obligations of the insurer or reinsurer No 30/8 of 13.06.2023 (in force as of 27.06.2023), Official Monitor of the Republic of Moldova No 216-219 Article 619 of 27.06.2023","https://www.bnm.md/files/Regulation on the time limits, procedure, and methods for issuing approvals regarding transactions 13_06_2023.pdf",https://www.bnm.md/en/content/regulation-time-limits-procedure-and-methods-issuing-approvals-regarding-transactions,"legal/original/181__Regulation on the time limits, procedure, and methods for issuing approvals regarding transactions 13_06_2023.pdf","legal/documents/181__Regulation on the time limits, procedure, and methods for issuing approvals regarding transactions 13_06_2023.pdf.md",7ae968aae0b1fe9dca1eceb582f617dbba2dce09612a3ebe868c74131a9fe3c5,8e98a7fccb0de2226f49dbc8743c3d2d2964833f073f256f7c8b1856ca8d3b50,text-extracted
182,legislation,"Regulation on the time limits, procedure, and methods for issuing approvals regarding transactions, requirements for keeping the Register of guarantees, commitments, and other obligations of the insurer or reinsurer No 30/8 of 13.06.2023 (in force as of 27.06.2023), Official Monitor of the Republic of Moldova No 216-219 Article 619 of 27.06.2023","https://www.bnm.md/files/Regulation on the time limits, procedure, and methods for issuing approvals regarding transactions 13_06_2023.docx",https://www.bnm.md/en/content/regulation-time-limits-procedure-and-methods-issuing-approvals-regarding-transactions,"legal/original/182__Regulation on the time limits, procedure, and methods for issuing approvals regarding transactions 13_06_2023.docx","legal/documents/182__Regulation on the time limits, procedure, and methods for issuing approvals regarding transactions 13_06_2023.docx.md",472f62a65c8670e0238b9715bf208c55f04ece60a2bf2a0b92adf691f712194c,4315461f5e456114325135affd78c728a8443284099ad221824e066b0a2f810b,text-extracted
183,legislation,Regulation on specialised financial statements of insurance or reinsurance undertakings No 30/13 of 13.06.2023 (in force 27.06.2023) Official Monitor of the Republic of Moldova No 216-219 Article 622 of 27.06.2023,https://www.bnm.md/files/Regulation on specialised financial statements of insurance or reinsurance undertakings is hereby approved 13_06_2023.pdf,https://www.bnm.md/en/content/regulation-specialised-financial-statements-insurance-or-reinsurance-undertakings-no-3013,legal/original/183__Regulation on specialised financial statements of insurance or reinsurance undertakings is hereby approved 13_06_2023.pdf,legal/documents/183__Regulation on specialised financial statements of insurance or reinsurance undertakings is hereby approved 13_06_2023.pdf.md,153be84db802ef349bf5c70825b3ce1cee7296e8019c6af45418e13e6de91491,5aa15001a0657f8c4ee508adfa87d7e1f26078eba4bf5f83eaacb94e2209889b,text-extracted
184,legislation,Regulation on specialised financial statements of insurance or reinsurance undertakings No 30/13 of 13.06.2023 (in force 27.06.2023) Official Monitor of the Republic of Moldova No 216-219 Article 622 of 27.06.2023,https://www.bnm.md/files/Regulation on specialised financial statements of insurance or reinsurance undertakings is hereby approved 13_06_2023.docx,https://www.bnm.md/en/content/regulation-specialised-financial-statements-insurance-or-reinsurance-undertakings-no-3013,legal/original/184__Regulation on specialised financial statements of insurance or reinsurance undertakings is hereby approved 13_06_2023.docx,legal/documents/184__Regulation on specialised financial statements of insurance or reinsurance undertakings is hereby approved 13_06_2023.docx.md,047ceaa30ec36fe7eeaa8a0dd1e48d4055681d79292fbb156e7f7bf565fb5106,5954502007f8a891ec0fe7b60d04ea047a74b3ecc03a1e349718348c00f435bd,text-extracted
185,legislation,"Regulation on the Requirements for the Insurer’s Reinsurance Programme, Rules for Contracting Reinsurance, and Provisions for Approving the Insurer’s Own Retention Level No 30/12 of 13.06.2023 (in force as of 27.06.2023) Official Monitor of the Republic of Moldova No 216-219 Article 621 of 27.06.2023","https://www.bnm.md/files/Regulation on the Requirements for the Insurer’s Reinsurance Programme, Rules for Contracting Reinsurance 13_06_2023.pdf",https://www.bnm.md/en/content/regulation-requirements-insurers-reinsurance-programme-rules-contracting-reinsurance-and,"legal/original/185__Regulation on the Requirements for the Insurer’s Reinsurance Programme, Rules for Contracting Reinsurance 13_06_2023.pdf","legal/documents/185__Regulation on the Requirements for the Insurer’s Reinsurance Programme, Rules for Contracting Reinsurance 13_06_2023.pdf.md",d870461781d7f59e3c60f4af6c17897afc4ab9c71fc5203c0c0ffc8863feae43,2bed8ffb1d6c0ad0f520899e6a1a5513d5255960a032789b09675df18d3c5e11,text-extracted
186,legislation,"Regulation on the Requirements for the Insurer’s Reinsurance Programme, Rules for Contracting Reinsurance, and Provisions for Approving the Insurer’s Own Retention Level No 30/12 of 13.06.2023 (in force as of 27.06.2023) Official Monitor of the Republic of Moldova No 216-219 Article 621 of 27.06.2023","https://www.bnm.md/files/Regulation on the Requirements for the Insurer’s Reinsurance Programme, Rules for Contracting Reinsurance 13_06_2023.docx",https://www.bnm.md/en/content/regulation-requirements-insurers-reinsurance-programme-rules-contracting-reinsurance-and,"legal/original/186__Regulation on the Requirements for the Insurer’s Reinsurance Programme, Rules for Contracting Reinsurance 13_06_2023.docx","legal/documents/186__Regulation on the Requirements for the Insurer’s Reinsurance Programme, Rules for Contracting Reinsurance 13_06_2023.docx.md",b76da49e6713d7b11fcdc6d0eb1c9a762ecfaae9d4474db9b738f91b72cfc910,5552a6a038a92ed4033663d2b7740119c5742c2dbbe9d104417a86c11b6ecef1,text-extracted
187,legislation,"Methodology for Calculating and Applying Base Insurance Premiums and the Corresponding Adjustment Coefficients for Compulsory Internal and External Motor Vehicles Liability Insurance No 31/2 of 16 June 2023 (in force as of 27.06.2023), Official Monitor of the Republic of Moldova No 216-219 Article 623 of 27 June 2023",https://www.bnm.md/files/Methodology for Calculating and Applying Base Insurance Premiums and the Corresponding Adjustment Coefficients 16_06_2023.pdf,https://www.bnm.md/en/content/methodology-calculating-and-applying-base-insurance-premiums-and-corresponding-adjustment,legal/original/187__Methodology for Calculating and Applying Base Insurance Premiums and the Corresponding Adjustment Coefficients 16_06_2023.pdf,legal/documents/187__Methodology for Calculating and Applying Base Insurance Premiums and the Corresponding Adjustment Coefficients 16_06_2023.pdf.md,7d78d44cc9ec6273b5daf53f70a95f0fd83626da90a29fa536801dd9edae6e70,c989b72f3728bea0688283b01f540a9011ac26402981d563b6c33c76417955de,text-extracted
188,legislation,"Methodology for Calculating and Applying Base Insurance Premiums and the Corresponding Adjustment Coefficients for Compulsory Internal and External Motor Vehicles Liability Insurance No 31/2 of 16 June 2023 (in force as of 27.06.2023), Official Monitor of the Republic of Moldova No 216-219 Article 623 of 27 June 2023",https://www.bnm.md/files/Methodology for Calculating and Applying Base Insurance Premiums and the Corresponding Adjustment Coefficients 16_06_2023.docx,https://www.bnm.md/en/content/methodology-calculating-and-applying-base-insurance-premiums-and-corresponding-adjustment,legal/original/188__Methodology for Calculating and Applying Base Insurance Premiums and the Corresponding Adjustment Coefficients 16_06_2023.docx,legal/documents/188__Methodology for Calculating and Applying Base Insurance Premiums and the Corresponding Adjustment Coefficients 16_06_2023.docx.md,f517b74f271e82028e241868a7df126803fca9ae35543d4c48547705ea6f3c25,7d87e37fcec9ad744e88ad78fd1c66f7501b37afc055e1687fe72c85b2bc4a74,text-extracted
189,legislation,"Regulation on the Requirements Regarding the Persons Holding Responsible Position, the Members of the Audit Committee, the Persons Holding Key Positions within the Insurer or Reinsurer, the Heads of the Branch of an Insurer or Reinsurer of a Third State and the Liquidator of the Insurer or Reinsurer in winding up process, No 26/2 of 23.05.2023, (in force as of 22.06.2023), Official Monitor of the Republic of Moldova No 208-209, Article 598 of 22.06.2023",https://www.bnm.md/files/Decision No_ 262 of 23_05_2023 on the approval of the Regulation on the Requirements Regarding the Persons Holding Management Positions.pdf,https://www.bnm.md/en/content/regulation-requirements-regarding-persons-holding-responsible-position-members-audit,legal/original/189__Decision No_ 262 of 23_05_2023 on the approval of the Regulation on the Requirements Regarding the Persons Holding Management Positions.pdf,legal/documents/189__Decision No_ 262 of 23_05_2023 on the approval of the Regulation on the Requirements Regarding the Persons Holding Management Positions.pdf.md,31c8c915ec0d7ed54db42e7af9b474051309f8532764bf8d15fd139ffc78b9bb,eeb2a21b14cb71c78213a2aa43bfdbc260b7ec7a703efcd68191aedfc044dac6,text-extracted
190,legislation,"Regulation on the Requirements Regarding the Persons Holding Responsible Position, the Members of the Audit Committee, the Persons Holding Key Positions within the Insurer or Reinsurer, the Heads of the Branch of an Insurer or Reinsurer of a Third State and the Liquidator of the Insurer or Reinsurer in winding up process, No 26/2 of 23.05.2023, (in force as of 22.06.2023), Official Monitor of the Republic of Moldova No 208-209, Article 598 of 22.06.2023",https://www.bnm.md/files/Decision No_ 262 of 23_05_2023 on the approval of the Regulation on the Requirements Regarding the Persons Holding Management Positions.docx,https://www.bnm.md/en/content/regulation-requirements-regarding-persons-holding-responsible-position-members-audit,legal/original/190__Decision No_ 262 of 23_05_2023 on the approval of the Regulation on the Requirements Regarding the Persons Holding Management Positions.docx,legal/documents/190__Decision No_ 262 of 23_05_2023 on the approval of the Regulation on the Requirements Regarding the Persons Holding Management Positions.docx.md,05cd92265e8424acf1d0d183d6310c19838f1b2847d190db57e5a7a262943da8,2de59bcea133a4a9dda62f3ad652108898b43bb4b5664c4d5f2a52376d497f93,text-extracted
191,legislation,"Regulation on insurance technical provisions, No 30/10 of 13.06.2023 (in force 23.06.2023), Official Monitor of the Republic of Moldova No 210-212 Article 605 of 23.06.2023","https://www.bnm.md/files/Regulation on insurance technical provisions, of 13_06_2023.pdf",https://www.bnm.md/en/content/regulation-insurance-technical-provisions-no-3010-13062023-force-23062023-official-monitor,"legal/original/191__Regulation on insurance technical provisions, of 13_06_2023.pdf","legal/documents/191__Regulation on insurance technical provisions, of 13_06_2023.pdf.md",5fb58f4a07eecebc791aa27a95548a8a53307925dde1e70c6b34528f4ad2e286,9ba1cadb732edafde7bfcac9838554a4e2eaf0291f50c2d22675d7fae168c134,text-extracted
192,legislation,"Regulation on insurance technical provisions, No 30/10 of 13.06.2023 (in force 23.06.2023), Official Monitor of the Republic of Moldova No 210-212 Article 605 of 23.06.2023","https://www.bnm.md/files/Regulation on insurance technical provisions, of 13_06_2023.docx",https://www.bnm.md/en/content/regulation-insurance-technical-provisions-no-3010-13062023-force-23062023-official-monitor,"legal/original/192__Regulation on insurance technical provisions, of 13_06_2023.docx","legal/documents/192__Regulation on insurance technical provisions, of 13_06_2023.docx.md",29225a2077d10dfbdf32af3206cf88d41c63394ba2375a7ef62ed78cb535e10f,eefd80e986639fd7918f42d22b96841bce70ea8dd5203604ab30d3d04b8bf27f,text-extracted
193,legislation,Regulation on qualifying holdings in the share capital of insurance or reinsurance undertakings No 22/3 of 02.05.2023 (in force 30.05.2023) (Official Monitor of the Republic of Moldova No 179-181 Article 520 of 30.05.2023),https://www.bnm.md/files/Regulation on qualifying holdings in the share capital of insurance or reinsurance undertakings  02_05_2023.pdf,https://www.bnm.md/en/content/regulation-qualifying-holdings-share-capital-insurance-or-reinsurance-undertakings-no-223,legal/original/193__Regulation on qualifying holdings in the share capital of insurance or reinsurance undertakings 02_05_2023.pdf,legal/documents/193__Regulation on qualifying holdings in the share capital of insurance or reinsurance undertakings 02_05_2023.pdf.md,11858b64aebafa437ea661d1f2c2698d2ab15b56b66af45b08f556e471baf198,3fbded505d4ce920dca43c5b4e9910615687880ed5c3fdeef4ed0574d3a5279d,text-extracted
194,legislation,Regulation on qualifying holdings in the share capital of insurance or reinsurance undertakings No 22/3 of 02.05.2023 (in force 30.05.2023) (Official Monitor of the Republic of Moldova No 179-181 Article 520 of 30.05.2023),https://www.bnm.md/files/Regulation on qualifying holdings in the share capital of insurance or reinsurance undertakings  02_05_2023.docx,https://www.bnm.md/en/content/regulation-qualifying-holdings-share-capital-insurance-or-reinsurance-undertakings-no-223,legal/original/194__Regulation on qualifying holdings in the share capital of insurance or reinsurance undertakings 02_05_2023.docx,legal/documents/194__Regulation on qualifying holdings in the share capital of insurance or reinsurance undertakings 02_05_2023.docx.md,ec1c585a9e6640f715fdf50c8dce69d310fa73a1356835d582a3659c5046d2da,873a29a3a7a55736d109cc54ad1f57402795c4356f40415f2ac36d08ddec3542,text-extracted
195,legislation,Decision on the approval of the financial prudential rules for savings and credit associations No 17/8 of 30 April 2008,https://www.bnm.md/files/Financial Prudential Rules for SLA No_17-8-2008.pdf,https://www.bnm.md/en/content/decision-approval-financial-prudential-rules-savings-and-credit-associations-no-178-30-april,legal/original/195__Financial Prudential Rules for SLA No_17-8-2008.pdf,legal/documents/195__Financial Prudential Rules for SLA No_17-8-2008.pdf.md,3cbac6dc49e52db7074c974df78a8c4c17df20e496aa528126996a2355e74b1b,8b6e1023eed619431a60b88e8f078849e5cca7690bfaae8a558b2d9178d7bedb,text-extracted
196,legislation,Decision on the approval of the financial prudential rules for savings and credit associations No 17/8 of 30 April 2008,https://www.bnm.md/files/Financial Prudential Rules for SLA No_17-8-2008.docx,https://www.bnm.md/en/content/decision-approval-financial-prudential-rules-savings-and-credit-associations-no-178-30-april,legal/original/196__Financial Prudential Rules for SLA No_17-8-2008.docx,legal/documents/196__Financial Prudential Rules for SLA No_17-8-2008.docx.md,a9d195d7d767a6ee039970aa4f9754064637e8e190578af894776a24af1a120d,d9e86bb53f373b942001f6d99dbea99000b86747182b95c2b382e3c2581695bc,text-extracted
197,legislation,"Regulation on the approval, registration and notification of the activity of non-bank credit organizations, as well as the requirements regarding the transparency of their ownership structure, approved by the Decision of the Executive Board of the NBM No 99 on 2 May 2025 (in force since 8 June 2025)",https://www.bnm.md/files/REg.pdf,https://www.bnm.md/en/content/regulation-approval-registration-and-notification-activity-non-bank-credit-organizations,legal/original/197__REg.pdf,legal/documents/197__REg.pdf.md,040648841fd2b512a6c10fd924f79b072b6304fb72c37812287c7c55857bda9c,8520c8d1e139341d6674aefb2ac09120fc658e7c5e5b28380cf51e70ed953717,text-extracted
198,legislation,"Regulation on the approval, registration and notification of the activity of non-bank credit organizations, as well as the requirements regarding the transparency of their ownership structure, approved by the Decision of the Executive Board of the NBM No 99 on 2 May 2025 (in force since 8 June 2025)",https://www.bnm.md/files/DEB_99-02_05_2025_Reg_NBCO (eng).docx,https://www.bnm.md/en/content/regulation-approval-registration-and-notification-activity-non-bank-credit-organizations,legal/original/198__DEB_99-02_05_2025_Reg_NBCO (eng).docx,legal/documents/198__DEB_99-02_05_2025_Reg_NBCO (eng).docx.md,c28d7488455fd963d89908740359a61a9d4b96a78eed4a7d94db398ee47a7016,380193cfde21e65b5759e760366d3f454dc1b98a879e00b4ead903ec93059fea,text-extracted
199,legislation,Regulation No 280 of 7 november 2024 on the requirements for the prevention and combating of money laundering and terrorism financing in the activity of non-bank financial institutions,https://www.bnm.md/files/DECISION No 280 of 7 November 2024 (1).pdf,https://www.bnm.md/en/content/regulation-no-280-7-november-2024-requirements-prevention-and-combating-money-laundering-and,legal/original/199__DECISION No 280 of 7 November 2024 (1).pdf,legal/documents/199__DECISION No 280 of 7 November 2024 (1).pdf.md,59e40ec511f60580e7dc23994d7a1a29e750759ede7979424c2520db09ee2398,472f5454cbae84b5e2ab5d4a8a6395bff7d6e654539615e71961286b62ce34c7,text-extracted
200,legislation,Regulation No 280 of 7 november 2024 on the requirements for the prevention and combating of money laundering and terrorism financing in the activity of non-bank financial institutions,https://www.bnm.md/files/DECISION No 280 of 7 November 2024 (1).docx,https://www.bnm.md/en/content/regulation-no-280-7-november-2024-requirements-prevention-and-combating-money-laundering-and,legal/original/200__DECISION No 280 of 7 November 2024 (1).docx,legal/documents/200__DECISION No 280 of 7 November 2024 (1).docx.md,7ad41268b8fb7ef55459dda7923bedf439f461360e38123de269ebfaecd59c68,524f2376eeffe6283a8a4e1356f6820fb96364746c07b9755ba537a983b13995,text-extracted
201,legislation,"Regulation on the classification of assets by non-bank credit organizations, approved by the Decision of the National Commission for Financial Markets No 60/4/2019",https://www.bnm.md/files/Reg_clasif_active_OCN_60_4 (en).pdf,https://www.bnm.md/en/content/regulation-classification-assets-non-bank-credit-organizations-approved-decision-national,legal/original/201__Reg_clasif_active_OCN_60_4 (en).pdf,legal/documents/201__Reg_clasif_active_OCN_60_4 (en).pdf.md,c7cccc5419fb0ac2ef5ef9c599ca87c45fd6a917ea69d3b164c1e094e7cdc37d,7b4b661de003edbf9c961fc18f89e11be12a5d995c56ae84caeedd85aacfa2bd,text-extracted
202,legislation,"Regulation on the classification of assets by non-bank credit organizations, approved by the Decision of the National Commission for Financial Markets No 60/4/2019",https://www.bnm.md/files/Reg_clasif_active_OCN_60_4 (en).docx,https://www.bnm.md/en/content/regulation-classification-assets-non-bank-credit-organizations-approved-decision-national,legal/original/202__Reg_clasif_active_OCN_60_4 (en).docx,legal/documents/202__Reg_clasif_active_OCN_60_4 (en).docx.md,474d8c6d997cf28b3029412804c96b9c4f3c7180bd4c3262c84c0b73deaab44a,f9ce4f9d9e33a9ff261073183ff29202d31c623d76bfe6747caff5e2c1d0a7a7,text-extracted
203,legislation,Decision of the NCFM on capital requirements for non-bank credit organizations No 58/1/2020,https://www.bnm.md/files/Dec_NCFM_capital_OCN_58-1-20 (en).pdf,https://www.bnm.md/en/content/decision-capital-requirements-non-bank-credit-organizations-no-5812020,legal/original/203__Dec_NCFM_capital_OCN_58-1-20 (en).pdf,legal/documents/203__Dec_NCFM_capital_OCN_58-1-20 (en).pdf.md,63ff3efbf2408693b7149e56f9dde39fc5e8130ca7f1aa73b751afecee815fa5,4f5dae6993a3b9863f48e55a9982ecaa3bcaae42c710b7d3fba4c708b927244f,text-extracted
204,legislation,Decision of the NCFM on capital requirements for non-bank credit organizations No 58/1/2020,https://www.bnm.md/files/Dec_NCFM_capital_OCN_58-1-20 (en).docx,https://www.bnm.md/en/content/decision-capital-requirements-non-bank-credit-organizations-no-5812020,legal/original/204__Dec_NCFM_capital_OCN_58-1-20 (en).docx,legal/documents/204__Dec_NCFM_capital_OCN_58-1-20 (en).docx.md,e27b9e324139db8ac7214ea49ff405295e6ff9d168d6fb5119fadecaa66ae506,c9acc2a1bbc208a7844082c138cd12643ed421980085de2653d6f9afe3be38fc,text-extracted
205,report,Annual Report 2024,https://www.bnm.md/files/Annual_Report_2024.pdf,https://www.bnm.md/en/content/annual-report-2024,reports/original/205__Annual_Report_2024.pdf,reports/documents/205__Annual_Report_2024.pdf.md,2d3ece3dd53584225e9f6c8db32d353289188850aa418adc5790cd3371c2968d,48f6ac72161ce2e01cd4e8b41741fff3885a90b820ba08c7a515c55250874fa2,text-extracted
206,report,Annual Report 2023,https://www.bnm.md/files/Annual_Report_2023.pdf,https://www.bnm.md/en/content/annual-report-2023,reports/original/206__Annual_Report_2023.pdf,reports/documents/206__Annual_Report_2023.pdf.md,86cc824cefaf81b77fd2cfec1c7fb47d16c4e54cbf829fa1bd5062329963db48,46b22cb640ae6519b51cd128b66ca2df926d1c89c38dddd07c831176638eceb7,text-extracted
207,report,Annual Report 2022,https://www.bnm.md/files/Annual Report_2022_en.pdf,https://www.bnm.md/en/content/annual-report-2022,reports/original/207__Annual Report_2022_en.pdf,reports/documents/207__Annual Report_2022_en.pdf.md,e4e2d2200fcb73f82b46e2d69e5c508c9690245e6f06c2fbb56cc17da9991415,60fb607a2d03d1ca537610f8c3a77716939c59070cb62c69ebf2fe856fdbed4e,text-extracted
208,report,Annual Report 2021,https://www.bnm.md/files/Annual_Report_2021.pdf,https://www.bnm.md/en/content/annual-report-2021,reports/original/208__Annual_Report_2021.pdf,reports/documents/208__Annual_Report_2021.pdf.md,9ffbada86fce7c0fc75f43931131019a5f44cb045dfb0d7446053923bc4a12a4,aeaada27336a1b1a38959235a37da3e29df66cfe9e75e3b9fc4fef03132d734b,text-extracted
209,report,Annual Report 2020,https://www.bnm.md/files/Annual_Report_2020_1.pdf,https://www.bnm.md/en/content/annual-report-2020,reports/original/209__Annual_Report_2020_1.pdf,reports/documents/209__Annual_Report_2020_1.pdf.md,6e2f45c11d6625f121250509cb9adc79270e23c0027b7b964f6585b4072cbf85,500c9e3167b14b90511770531d08933ff8f832f39cea4da11b1d2e6393fe4203,text-extracted
210,report,Annual Report 2019,https://www.bnm.md/files/Annual_Report_2019_1.pdf,https://www.bnm.md/en/content/annual-report-2019,reports/original/210__Annual_Report_2019_1.pdf,reports/documents/210__Annual_Report_2019_1.pdf.md,56f67f808b110684c0eb98ce7f6bf3f21a4e548c82456d01b5e85e1e783ddaa5,d2186750ed51d67f84cd83b0d66c7ab542a67b03ea2b78f802209ef0b9d586a7,text-extracted
211,report,Annual Report 2018,https://www.bnm.md/files/Annual_Report_2018.pdf,https://www.bnm.md/en/content/annual-report-2018,reports/original/211__Annual_Report_2018.pdf,reports/documents/211__Annual_Report_2018.pdf.md,ab76fb4b432b016050e8c8a1d017cf8c13844ef1c0deeb7782bdebdc316aeb0c,2c25e197fa0012e88db9d154af73d7be32a10eb217d068d013f209833302c0cd,text-extracted
212,report,Annual Report 2017,https://www.bnm.md/files/RA_2017_en.pdf,https://www.bnm.md/en/content/annual-report-2017,reports/original/212__RA_2017_en.pdf,reports/documents/212__RA_2017_en.pdf.md,dccb9559c0e9b0dfc5cef38e982a608716a9274d89132af9de6cfff8bad56a21,57e701b83e84e541e41d8c323a3d6d0d92622cd9c3833e5411e1587ef0eee8c8,text-extracted
213,report,Annual Report 2016,https://www.bnm.md/files/RA_2016_EN_1.pdf,https://www.bnm.md/en/content/annual-report-2016,reports/original/213__RA_2016_EN_1.pdf,reports/documents/213__RA_2016_EN_1.pdf.md,880a20b88f26c90c020f6c2265cf869a84470f41bd126afbe6a05316aa821592,d6cbf2cd02c729a55fbb7cfd1080bf0f4fe04a8a26a98ed572421444f584d21e,text-extracted
214,report,Annual Report 2015,https://www.bnm.md/files/RA_2015_eng.pdf,https://www.bnm.md/en/content/raport-anual-2015,reports/original/214__RA_2015_eng.pdf,reports/documents/214__RA_2015_eng.pdf.md,59594f78b7f6e41bb735f830aadb35782afedfcbd1cc7cc142e4ea7d3baeaead,2fff6098351001d4f157233efb7bd78f7680bcac3ddb5cd19096d43b19653200,text-extracted
215,report,Annual Report 2014,https://www.bnm.md/files/RA_main_eng.pdf,https://www.bnm.md/en/content/annual-report-2014,reports/original/215__RA_main_eng.pdf,reports/documents/215__RA_main_eng.pdf.md,143d4ae7a72d080b6e245f99e871742ff2d1eb0f4fb29dce237bae3151a149fa,95f2c2012438c7882e0995916e8556f2c05ce3e5471624962b73df76fb262a09,text-extracted
216,report,Annual Report 2013,https://www.bnm.md/files/ra2013en.pdf,https://www.bnm.md/en/content/annual-report-2013,reports/original/216__ra2013en.pdf,reports/documents/216__ra2013en.pdf.md,6e1b63c1d928fa48f26f4d609ef64b34e07ac2c54aeab63cf5facfce9efa4c58,ba8ea10e0a393f1db1e6496784a6de6ebe34886e3bcb3d66b08400c5fe8fda40,text-extracted
217,report,Annual Report 2012,https://www.bnm.md/files/ra2012en.pdf,https://www.bnm.md/en/content/annual-report-2012,reports/original/217__ra2012en.pdf,reports/documents/217__ra2012en.pdf.md,8c30a00c406c4b304234e362d60db0b905f8fd715bc425002896162a6b5cca76,c18a4eaebaa0c231c6737a247efef62e15c691ca282b37e05a740b3991bb838d,text-extracted
218,report,Annual Report 2011,https://www.bnm.md/files/ra2011en.pdf,https://www.bnm.md/en/content/annual-report-2011,reports/original/218__ra2011en.pdf,reports/documents/218__ra2011en.pdf.md,96c7a839c0c18c074263894b2efb6ea58c61b5ee807ee5cc775f9b8a7d04e93f,bd51357ea257870095e4cb02b04a54515d29ae4a69b9ee88881aeb00f7a51bca,text-extracted
219,report,Annual Report 2010,https://www.bnm.md/files/ra2010en.pdf,https://www.bnm.md/en/content/annual-report-2010,reports/original/219__ra2010en.pdf,reports/documents/219__ra2010en.pdf.md,2005d4d8d9e420d7bf4793e232fd9df4c62f6235af66b4585bb0e8ec1fb88314,a6673ce1cb94c3b04b69dfb09658efd8b3f3d85df290a1d3c45841036066932f,text-extracted
220,report,Annual Report 2009,https://www.bnm.md/files/ra2009en.pdf,https://www.bnm.md/en/content/annual-report-2009,reports/original/220__ra2009en.pdf,reports/documents/220__ra2009en.pdf.md,490d0b5a47b266aa5ec53d7cb13fadec8e48e0ba7585a2d14efcf6ce53e3fa9f,8368f3445465b49cc4ada48a773b77cbd0b983fd0f8fc3b3489f6176736ef256,text-extracted
221,report,Annual Report 2008,https://www.bnm.md/files/ra2008en.pdf,https://www.bnm.md/en/content/annual-report-2008,reports/original/221__ra2008en.pdf,reports/documents/221__ra2008en.pdf.md,492d6c4c0dcfb8801ac36b3acd377a2be3f538affbeb7a1be9b3dd113f073016,c360f1ebdc8731803d4fcc0d847bb206b302b52b2757ebb7f648378f0e5448e4,text-extracted
222,report,Annual Report 2007,https://www.bnm.md/files/ra2007en.pdf,https://www.bnm.md/en/content/annual-report-2007-0,reports/original/222__ra2007en.pdf,reports/documents/222__ra2007en.pdf.md,81aa24f6f6f6875296c0a2dfbf96c9ae5be04427fd4bd43f2fd8cb9d7ef264d0,c0507943b4d448e72b82e1b8fa38929981106c05b0bec9bd414f61a626ca0433,text-extracted
223,report,Annual Report 2006,https://www.bnm.md/files/ra2006en.pdf,https://www.bnm.md/en/content/annual-report-2006,reports/original/223__ra2006en.pdf,reports/documents/223__ra2006en.pdf.md,b0645c1bddfc93c921c5db1811d1af7ea881ed324ac0b55257fb6349b05a04e5,55aa344d244722c97d17b6005466c096df09c0160ba201b4e14725017e2689ff,text-extracted
224,report,Annual Report 2005,https://www.bnm.md/files/ra2005en.pdf,https://www.bnm.md/en/content/annual-report-2005,reports/original/224__ra2005en.pdf,reports/documents/224__ra2005en.pdf.md,76da7d7493b06a7123d4d4defc4237a892a1244c9e6889e071bcf25103ae0b6d,8f21086eb77966f7b97d065f38421daa45656e8bdc3d213d2267f5467dbc4af7,text-extracted
225,report,Annual Report 2004,https://www.bnm.md/files/ra2004en.pdf,https://www.bnm.md/en/content/annual-report-2004,reports/original/225__ra2004en.pdf,reports/documents/225__ra2004en.pdf.md,b6078e4618ee8b061d959c69564e611e2e681a6307e2a25ac285403203ad4156,d90afa520d2ab49255946e144f3fcb84d1edb098ed230df8b1f0cd6457dd0378,text-extracted
226,report,Annual Report 2003,https://www.bnm.md/files/ra2003_en.pdf,https://www.bnm.md/en/content/annual-report-2003,reports/original/226__ra2003_en.pdf,reports/documents/226__ra2003_en.pdf.md,a3c33af1d1c833ff89b49bd133a2a4efaab3f5698f4e067646438f4cd8b373dd,b1a3a324d99ab6206514f121024d377b0dedf11af2a94e40226ff02d3b7dfcc9,text-extracted
227,report,Annual Report 2002,https://www.bnm.md/files/ra2002_en.pdf,https://www.bnm.md/en/content/annual-report-2002,reports/original/227__ra2002_en.pdf,reports/documents/227__ra2002_en.pdf.md,194fa8551a56be6e33a7b4028bf3f415e28720fe986003c24d5731cba9ac38ef,693fd83b4b8fdc3fd39467b7d8e3d32bda599a525f38dd27e7e093b1a685dafb,text-extracted
228,report,Annual Report 2001,https://www.bnm.md/files/ra2001_en.pdf,https://www.bnm.md/en/content/annual-report-2001,reports/original/228__ra2001_en.pdf,reports/documents/228__ra2001_en.pdf.md,8bb700b8784b759d6effec82496d606dae5ac99c114e8ab9ec15c4bb72e50c53,76ce575944adb294790aea51f00495c2226de1ec2a6a9dfcaaa71610a1f29bfb,text-extracted
229,report,Annual Report 2000,https://www.bnm.md/files/ra2000_en.pdf,https://www.bnm.md/en/content/annual-report-2000,reports/original/229__ra2000_en.pdf,reports/documents/229__ra2000_en.pdf.md,0c3eddc199bed9199934cfd28aa915a7767d44daa03aeb06a5355956378f8da4,36e8752bb11a8c83aa3554ee7aa4518d7308a7226f0b36691a3fa6d3c3fb1695,text-extracted-pdftotext
230,report,"Inflation Report, February 2026",https://www.bnm.md/files/Inflation_report_february_2026.pdf,https://www.bnm.md/en/content/inflation-report-february-2026,reports/original/230__Inflation_report_february_2026.pdf,reports/documents/230__Inflation_report_february_2026.pdf.md,e0f2a719edbaa5440ce8bfdf59ccee7c977e1c43f4834cd7d21aa3a15ef70b3c,5e66d3d71c83f99c79231c4c6f6c7ccf0cde82f0949f65b51dc8d3e8da427c88,text-extracted
231,report,"Inflation Report, February 2026",https://www.bnm.md/files/Prezentare_RI_februarie_2026.pdf,https://www.bnm.md/en/content/inflation-report-february-2026,reports/original/231__Prezentare_RI_februarie_2026.pdf,reports/documents/231__Prezentare_RI_februarie_2026.pdf.md,9d84a46404d013eca30a07bbc107263b82cd7a32ae2692ded469e403f08102e2,7966b46ea28478d5e62535c48373626df4a3e970f84931645d0e3fd6dd33c172,text-extracted
232,report,"Inflation Report, November 2025",https://www.bnm.md/files/Inflation_Report_November_2025 (1).pdf,https://www.bnm.md/en/content/inflation-report-november-2025,reports/original/232__Inflation_Report_November_2025 (1).pdf,reports/documents/232__Inflation_Report_November_2025 (1).pdf.md,857ff3b64236c52ada6b72372d7a7bce8693e9e2026770b9195b2cd56c014fba,cbb3d18db93fccd27e28dd678670a9dd90643f9c05c9db6650407312a7d84420,text-extracted
233,report,"Inflation Report no. 3, 2025",https://www.bnm.md/files/Inflation_Report_August_2025_ISBN.pdf,https://www.bnm.md/en/content/inflation-report-no-3-2025,reports/original/233__Inflation_Report_August_2025_ISBN.pdf,reports/documents/233__Inflation_Report_August_2025_ISBN.pdf.md,f3710e8e4bbf3f5a7af2664ef0ffc23552567e92b77dc1d602967cb8b6993544,ffd3ee51fe1d9e2da2811e1e78e0f9733a41af39d8188d3a3efac6c703cc010e,text-extracted
234,report,"Inflation Report no. 3, 2025",https://www.bnm.md/files/Prezentare_RI_august_2025_1.pdf,https://www.bnm.md/en/content/inflation-report-no-3-2025,reports/original/234__Prezentare_RI_august_2025_1.pdf,reports/documents/234__Prezentare_RI_august_2025_1.pdf.md,0db398283409704ed532152987e438f38aa22ebb85b3a8585d7ea85d493c7db9,df27de2c50f8ca38d28c4ab51245d821d9501885e117442329e13c238dcae86e,text-extracted
235,report,"Inflation Report no. 2, 2025",https://www.bnm.md/files/Inflation_Report_May_2025_ISBN.pdf,https://www.bnm.md/en/content/inflation-report-no-2-2025,reports/original/235__Inflation_Report_May_2025_ISBN.pdf,reports/documents/235__Inflation_Report_May_2025_ISBN.pdf.md,0546fa1a5d1693061e63995efc4e52495132c949b14ac84c7eb0f9e2cb5f0971,72364e0ab6f62ba46e1622e214bec6ebfe757ae22fb59a6419b6e543e9765cd3,text-extracted
236,report,"Inflation Report no. 2, 2025",https://www.bnm.md/files/Prezentare_RI_mai_2025.pdf,https://www.bnm.md/en/content/inflation-report-no-2-2025,reports/original/236__Prezentare_RI_mai_2025.pdf,reports/documents/236__Prezentare_RI_mai_2025.pdf.md,58ea7a6e2f605cb7e683852831235a7a9b4e168dac5e8a148f5b6f126e46b548,6481bf63f470724e7f1a3048266ac3703109fa8d34eed0c91fb8cd0ea677e813,text-extracted
237,report,"Inflation Report no. 1, 2025",https://www.bnm.md/files/Inflation_Report_February_2025_ISBN.pdf,https://www.bnm.md/en/content/inflation-report-no-1-2025,reports/original/237__Inflation_Report_February_2025_ISBN.pdf,reports/documents/237__Inflation_Report_February_2025_ISBN.pdf.md,f562ffe87288e775a4414f55746935fc9f5d85ff589e28d20cf1f4ccfd747b46,a85586c31f224e935c3791e5e2191a40cae5d29961970faed3c3c349987d8a49,text-extracted
238,report,"Inflation Report no. 1, 2025",https://www.bnm.md/files/Prezentare_RI_februarie_2025.pdf,https://www.bnm.md/en/content/inflation-report-no-1-2025,reports/original/238__Prezentare_RI_februarie_2025.pdf,reports/documents/238__Prezentare_RI_februarie_2025.pdf.md,1a80b02e7a199be8a62dd86deedf88bcd90beda3e5f5f40593239703a2babe99,fe1c4815c382ef4b63202c78ee92568c2606905a6fa0d17b6ee902cdce4ab6d5,text-extracted
239,report,"Inflation Report no. 4, 2024",https://www.bnm.md/files/Inflation_Report_November_2024_ISBN.pdf,https://www.bnm.md/en/content/inflation-report-no-4-2024,reports/original/239__Inflation_Report_November_2024_ISBN.pdf,reports/documents/239__Inflation_Report_November_2024_ISBN.pdf.md,4cf7f39809f6f02a763ed71511d548e2b99692efe47f717cdeac8a08cdec3743,35cdbdd83d903a785ef3d67e3f6a78da7113235c5e52b928af52de84ea7791fa,text-extracted
240,report,"Inflation Report no. 3, 2024",https://www.bnm.md/files/Inflation_Report_August_2024_ISBN.pdf,https://www.bnm.md/en/content/inflation-report-no-3-2024,reports/original/240__Inflation_Report_August_2024_ISBN.pdf,reports/documents/240__Inflation_Report_August_2024_ISBN.pdf.md,0a4713848d9e9f9f674e6f82375b140810ad0299d8eaddbe77faaa85d8cd5473,118ea5da2430d9cbae910bac9026f570775e9600e5a030adc1d7e19ab547fcf4,text-extracted
241,report,"Inflation Report no. 2, 2024",https://www.bnm.md/files/Inflation_Report_May_2024_ISBN.pdf,https://www.bnm.md/en/content/inflation-report-no-2-2024,reports/original/241__Inflation_Report_May_2024_ISBN.pdf,reports/documents/241__Inflation_Report_May_2024_ISBN.pdf.md,df4ea5db953e99ad3f8e6c61381b10bda63fa2b54daf165c81cedf3fcd1f0d4e,080ac91b4519f2d36e563bb4cf7d33d0cc49bf00807d08a94bc765d212212595,text-extracted
242,report,"Inflation Report no. 1, 2024",https://www.bnm.md/files/Inflation_Report_February_2024_ISBN.pdf,https://www.bnm.md/en/content/inflation-report-no-1-2024,reports/original/242__Inflation_Report_February_2024_ISBN.pdf,reports/documents/242__Inflation_Report_February_2024_ISBN.pdf.md,8668c1debd66b1548db55d9674833736c45e50ea94cab8b291a9d1418c4a00aa,cc52d81719c56207b4d3e02f00ef8976dd34487567eeb5a8df4633f89a97bf9b,text-extracted
243,report,"Inflation Report no. 4, 2023",https://www.bnm.md/files/Inflation_Report_November_2023_1.pdf,https://www.bnm.md/en/content/inflation-report-no-4-2023,reports/original/243__Inflation_Report_November_2023_1.pdf,reports/documents/243__Inflation_Report_November_2023_1.pdf.md,e9fc93fc99c440118cf1c9fb973699cbe4252cf74885f567830515a5b87fbaa0,27be2f1eb1b638be73ea05beab7cbea70c4fb2bbd5c758e60392b688657bd854,text-extracted
244,report,"Inflation Report no. 3, 2023",https://www.bnm.md/files/Inflation_Report_August_2023.pdf,https://www.bnm.md/en/content/inflation-report-no-3-2023,reports/original/244__Inflation_Report_August_2023.pdf,reports/documents/244__Inflation_Report_August_2023.pdf.md,66dd6731841d37ea15bacfe2b963e2d19dbea8968a5ab46c1d0fc9d9c3ef2a24,813849dda2db1bc68f706b7229504c39d7daa1f22f0fd1f509c18005270929e0,text-extracted
245,report,"Inflation Report no. 2, 2023",https://www.bnm.md/files/Inflation_Report_May_2023.pdf,https://www.bnm.md/en/content/inflation-report-no-2-2023,reports/original/245__Inflation_Report_May_2023.pdf,reports/documents/245__Inflation_Report_May_2023.pdf.md,b66d1e9405740c8963db266d448f9d7cde64e1ba99b6eeb909157dcac9a3a10f,22e4c089a0b7ed3e6f10e4f7d4b82743f4bfe4d1d2ed0a0327c08b61399a1ab8,text-extracted
246,report,"Inflation Report no. 1, 2023",https://www.bnm.md/files/IR_February_2023 (1).pdf,https://www.bnm.md/en/content/inflation-report-no-1-2023,reports/original/246__IR_February_2023 (1).pdf,reports/documents/246__IR_February_2023 (1).pdf.md,73655169490cbea79317809b91da2cbcdc36728d361cf5dccef11a310f9a1fe7,687481751e5840d5173ab850b0f40ca889101e3d649ceb406030aa284090b835,text-extracted
247,report,"Inflation Report no. 4, 2022",https://www.bnm.md/files/Inflation_Report_November_2022.pdf,https://www.bnm.md/en/content/inflation-report-no-4-november-2022,reports/original/247__Inflation_Report_November_2022.pdf,reports/documents/247__Inflation_Report_November_2022.pdf.md,0793eb29d4790f87b1620c5fed117115c9d2763d1f4ecd821941c20038e28db3,50822c5c2a311b7f2207771b00046df4515a519124ab0f7de16e9de1a199cbbf,text-extracted
248,report,"Inflation Report no. 3, 2022",https://www.bnm.md/files/Inflation_Report_August_2022.pdf,https://www.bnm.md/en/content/video-presentation-inflation-report-no-3-august-2022,reports/original/248__Inflation_Report_August_2022.pdf,reports/documents/248__Inflation_Report_August_2022.pdf.md,177219a8d36229653d181849ee6efafc03c19723d4f689640516d38f0fa82740,52b20996041987250f48e64797436bad42b08e0f167712e463c94e96ae115a1e,text-extracted
249,report,"Inflation Report no. 2, 2022",https://www.bnm.md/files/IR_May_2022.pdf,https://www.bnm.md/en/content/inflation-report-nr-2-may-2022,reports/original/249__IR_May_2022.pdf,reports/documents/249__IR_May_2022.pdf.md,51f71a2eba22052cb3827c21def7358ca058f1fd6d7bf710ce92ac18a3cb6568,97e4a8bd2e034ea811c11fe28951026f2095a83acf33c10945b2d357c4836124,text-extracted
250,report,"Inflation Report no. 1, 2022",https://www.bnm.md/files/IR_1_February_2022.pdf,https://www.bnm.md/en/content/inflation-report-no-1-february-2022,reports/original/250__IR_1_February_2022.pdf,reports/documents/250__IR_1_February_2022.pdf.md,3ee403b389a6d2dfd1f45b05ef50a55a8f489d5f7a43f948172ea831beb5bed5,9f727d7c80eb1328abe7b58e458f05c8c6f9f38bc0f1ca35ccb8e4d64adbdbaf,text-extracted
251,report,"Inflation Report no. 4, 2021",https://www.bnm.md/files/IR_4_November_2021.pdf,https://www.bnm.md/en/content/inflation-report-no-4-2021-has-been-published,reports/original/251__IR_4_November_2021.pdf,reports/documents/251__IR_4_November_2021.pdf.md,0bf83509c20b297671184d36bc6b952402c997c534c351cd07fa3da5050feb72,268736194add405f2804f166df47ad79690805550c41ce165fbce5a84277da5e,text-extracted
252,report,"Inflation Report no. 4, 2021",https://www.bnm.md/files/RI_4_2021.pdf,https://www.bnm.md/en/content/inflation-report-no-4-2021-has-been-published,reports/original/252__RI_4_2021.pdf,reports/documents/252__RI_4_2021.pdf.md,c77600de1f17d1d14a780224ef673e87c4099ae9a745604c766e94e60f35d8df,8213545bd9aa1014172c5821d79525bac83691480f736f50fd9c0f013ad72cf4,text-extracted
253,report,"Inflation Report no. 3, 2021",https://www.bnm.md/files/Inflation_Report_3_2021_2.pdf,https://www.bnm.md/en/content/inflation-report-no3-august-2021,reports/original/253__Inflation_Report_3_2021_2.pdf,reports/documents/253__Inflation_Report_3_2021_2.pdf.md,af77cb7195cb55158dac97bd558fdd627b9c4f702f8c6ff10ab1d2b8e7c7f2cf,4f793a2f2529250c0d3ac6ed86801545656f7d045e9c1e29d602752a37ec82bd,text-extracted
254,report,"Inflation Report no. 3, 2021",https://www.bnm.md/files/Raport asupra inflatiei nr 3 6 august 2021- final.pdf,https://www.bnm.md/en/content/inflation-report-no3-august-2021,reports/original/254__Raport asupra inflatiei nr 3 6 august 2021- final.pdf,reports/documents/254__Raport asupra inflatiei nr 3 6 august 2021- final.pdf.md,036953c030251ad7815af158f94230976f0447039343dc74c959dccfe408eba8,ae5726a49a0f4723f3d32a17cfdb2bceba794aedbcf01acd6c8c235723228cb0,text-extracted
255,report,"Inflation Report no. 2, 2021",https://www.bnm.md/files/IR_2_May_2021.pdf,https://www.bnm.md/en/content/nbm-published-inflation-report-no2,reports/original/255__IR_2_May_2021.pdf,reports/documents/255__IR_2_May_2021.pdf.md,41595ac01add902b89d070bd70635e5ece49d7299b9ebfafe9ddc95483c27607,1decdedc4bc04cf61ca95779b80946d8634de0bf92b65d3221736cbcf4055edd,text-extracted
256,report,"Inflation Report no. 1, 2021",https://www.bnm.md/files/IR_1_February_2021.pdf,https://www.bnm.md/en/content/inflation-report-no1-february-2021,reports/original/256__IR_1_February_2021.pdf,reports/documents/256__IR_1_February_2021.pdf.md,39677220526850bae04e38af3711a00ca97de07b15879234557b506b626dfd18,6fda919745825f96925cb8eb23a09a693f931b1464c2bf188676303da90cb6e3,text-extracted
257,report,"Inflation Report no. 4, 2020",https://www.bnm.md/files/RI_4_noiembrie_2020_1.pdf,https://www.bnm.md/en/content/inflation-report-no-4-2020,reports/original/257__RI_4_noiembrie_2020_1.pdf,reports/documents/257__RI_4_noiembrie_2020_1.pdf.md,8ffe37a0c826c8fe33b59d5f2fa9cfe8b43d0b785c9c5c277ffaa9667007d568,3ed87ad16d0ddfd6248b92dcd1a77f73710bcd62ba464ed87e98ec1723a895cb,text-extracted
258,report,"Inflation Report no. 3, 2020",https://www.bnm.md/files/RI_3_august_2020.pdf,https://www.bnm.md/en/content/inflation-report-no3-august-2020,reports/original/258__RI_3_august_2020.pdf,reports/documents/258__RI_3_august_2020.pdf.md,70a0a42818b75192129eb5f27778bdd582ba666a9ef32d67c7a996f1db7996cf,68b8c372715112a55149ef70941681c6e4216a56a3449be3178fc3738ab151a0,text-extracted
259,report,"Inflation Report no. 2, 2020",https://www.bnm.md/files/IR_2_May_2020.pdf,https://www.bnm.md/en/content/inflation-report-no2-may-2020,reports/original/259__IR_2_May_2020.pdf,reports/documents/259__IR_2_May_2020.pdf.md,22ab4b18c4c8b3804b124753f4a41ef164156e9e018981a059b39db558d834a5,4a6868810c6e20c72b490c177a87b7ba21ff14f07f1dd105853b79cc6c611999,text-extracted
260,report,"Inflation Report no. 1, 2020",https://www.bnm.md/files/IR_1_February_2020_1.pdf,https://www.bnm.md/en/content/inflation-report-no1-february-2020,reports/original/260__IR_1_February_2020_1.pdf,reports/documents/260__IR_1_February_2020_1.pdf.md,878486e8fe824b2324cf10aff4cea3ff7c7068942ecb17a230d700c539489382,38dd201950a1bb5a7836ac791d8b0941ce07675a2d8df67cb0715d95647463fd,text-extracted
261,report,"Inflation Report no. 4, 2019",https://www.bnm.md/files/IR_4_November_2019.pdf,https://www.bnm.md/en/content/inflation-report-no4-november-2019,reports/original/261__IR_4_November_2019.pdf,reports/documents/261__IR_4_November_2019.pdf.md,500185e3c07f7bec479165c7496408448e05137cc138f75b81c0c205823b8ddb,4b30e8746899c1b565a501f4586ed08f05a677cd27fc11d2c7d08e4dd0e8991a,text-extracted
262,report,"Inflation Report no. 3, 2019",https://www.bnm.md/files/IR_3_August_2019.pdf,https://www.bnm.md/en/content/inflation-report-no3-august-2019,reports/original/262__IR_3_August_2019.pdf,reports/documents/262__IR_3_August_2019.pdf.md,3ff03c23cefed0f8dadc155f53da5deaed73155886022ef02a5f871d5e6fe0e8,95c5bb5081e209b9d34d078557df59639bc7602d3cf05ee29626d6640450c324,text-extracted
263,report,"Inflation Report no. 2, 2019",https://www.bnm.md/files/RI_2_May_2019_.pdf,https://www.bnm.md/en/content/inflation-report-no2-may-2019,reports/original/263__RI_2_May_2019.pdf,reports/documents/263__RI_2_May_2019.pdf.md,4fed3de5670ddd1eb9a670175473967a3aa32dd124fa7a8b1da8ae8b922b6ea1,a777fd8069c300d23f37a2b2c1bec995c9578aa9698bb71833d69b47682da2f4,text-extracted
264,report,"Inflation Report no. 2, 2019",https://www.bnm.md/files/Prezentare_BNM_16_MAI_2019.pdf,https://www.bnm.md/en/content/inflation-report-no2-may-2019,reports/original/264__Prezentare_BNM_16_MAI_2019.pdf,reports/documents/264__Prezentare_BNM_16_MAI_2019.pdf.md,0ff6870f9dbc85dd427c7a96865a07cc4bf48341d9659671b406fb7aaeb4ca07,d066e4b853bd23d20a6c6006c52729f382d2771f8db658ae8b11015cf778566f,text-extracted
265,report,"Inflation Report no. 1, 2019",https://www.bnm.md/files/IR_1_2019.pdf,https://www.bnm.md/en/content/inflation-report-no1-february-2019,reports/original/265__IR_1_2019.pdf,reports/documents/265__IR_1_2019.pdf.md,f96dab5fc0d6e45230421db9d8f5d77174432234de878274d2c9d6a29936a70a,145c1aff7609d9b44aec416db2071b77e6bbd4af7a1f83b95da3731f66195985,text-extracted
266,report,"Inflation Report no. 1, 2019",https://www.bnm.md/files/Prezentare_BNM_13_FEBRUARIE_2019_.pdf,https://www.bnm.md/en/content/inflation-report-no1-february-2019,reports/original/266__Prezentare_BNM_13_FEBRUARIE_2019.pdf,reports/documents/266__Prezentare_BNM_13_FEBRUARIE_2019.pdf.md,c82fc34fae49792579dde8661ff2496e4356f91b038ef1b0d15aef67261c0f9d,891c78b16297d2e711127e2d82776fc972413f4a9e3e6e0a5b657e7ce46faec5,text-extracted
267,report,"Inflation Report no. 4, 2018",https://www.bnm.md/files/RI_4_2018_en.pdf,https://www.bnm.md/en/content/raport-asupra-inflatiei-nr-4-noiembrie-2018,reports/original/267__RI_4_2018_en.pdf,reports/documents/267__RI_4_2018_en.pdf.md,4f96f7c9b92cf6aaf13e36dcab77741c5f1934464d0509e2181f9556ebf1470b,fa65dbc30fcfbacc17e3769b1bf4dc900ed5d54be33ff01b1d45284577f35174,text-extracted
268,report,"Inflation Report no. 3, 2018",https://www.bnm.md/files/IR_3_2018_en_fin.pdf,https://www.bnm.md/en/content/inflation-report-no-3-august-2018,reports/original/268__IR_3_2018_en_fin.pdf,reports/documents/268__IR_3_2018_en_fin.pdf.md,c5efc5865a681029af0a8c977e1eee59c0e63efdd347620657dd26acc122a520,c318a33c6c80f5b99a78d898f7b6a22bb1e0b5a9975f920e364dff8512b2d27e,text-extracted
269,report,"Inflation Report no. 2, 2018",https://www.bnm.md/files/RI_2_2018_eng.pdf,https://www.bnm.md/en/content/inflation-report-no-2-may-2018,reports/original/269__RI_2_2018_eng.pdf,reports/documents/269__RI_2_2018_eng.pdf.md,6e1934db5fbe1b4603234ff3522e3179f39062479a651556f7da1684e3cd2ffc,fad6e41c59b8949ce4faa6460aa20fea9c68a1a01305ff987d86890017bb89ae,text-extracted
270,report,"Inflation Report no. 1, 2018",https://www.bnm.md/files/IR_1_February_2018_1.pdf,https://www.bnm.md/en/content/inflation-report-no-1-february-2018,reports/original/270__IR_1_February_2018_1.pdf,reports/documents/270__IR_1_February_2018_1.pdf.md,37ec366ab62fbf378ac92e5b0846b6edb312f3a5dac89f0c867630f42e159fb6,d496c0ee60d13d563b38987767532396306c65a6c852f6b729429a275c9b08aa,text-extracted
271,report,"Inflation Report no. 4, 2017",https://www.bnm.md/files/RI_4_2017_EN.pdf,https://www.bnm.md/en/content/inflation-report-no-4-2-november-2017,reports/original/271__RI_4_2017_EN.pdf,reports/documents/271__RI_4_2017_EN.pdf.md,a4c93a4e4dc6226c311c309f280164c0b5d11192d147e68902626308d45e0fb0,c5f3239f58f782d4230f03b0de97f77a839b6941913bd7153a36f7a556b28d82,text-extracted
272,report,"Inflation Report no. 3, 2017",https://www.bnm.md/files/ri_3_2017_en.pdf,https://www.bnm.md/en/content/inflation-report-no-3-3-august-2017,reports/original/272__ri_3_2017_en.pdf,reports/documents/272__ri_3_2017_en.pdf.md,8f89ff91b702b99657b2c15905131cdb6ce2c5dba6c274272a92e29a0b06f8d0,062d0f25c7e04e47ffdd15796532c5a8a191aa24d44b9d7a3c2dc8244848a6cc,text-extracted
273,report,"Inflation Report no. 2, 2017",https://www.bnm.md/files/ri_2_mai_2017_en.pdf,https://www.bnm.md/en/content/raport-asupra-inflatiei-nr-2-4-mai-2017,reports/original/273__ri_2_mai_2017_en.pdf,reports/documents/273__ri_2_mai_2017_en.pdf.md,cbcc05b460a84009215b7466a68ad96c3fd47771e30b13c79b37f48c230273d2,9b91c39b5caf29fd619dead5d5f871f6d12786d5812ee29ef3ff539bba526642,text-extracted
274,report,"Inflation Report no. 1, 2017",https://www.bnm.md/files/ri_1_2017_en_ISBN_mod.pdf,https://www.bnm.md/en/content/inflation-report-no-1-february-2017,reports/original/274__ri_1_2017_en_ISBN_mod.pdf,reports/documents/274__ri_1_2017_en_ISBN_mod.pdf.md,a63732588b9619302b62d973ded2bfbbabcf421cac526805c94efbf4d14f2dd9,dd5e7beed76edc4181cec4d2b94b0cf26fbbd7c5fcbf5dfb53aad242050d9e19,text-extracted
275,report,"Inflation Report no. 4, 2016",https://www.bnm.md/files/RI_4_2016_eng_2.pdf,https://www.bnm.md/en/content/inflation-report-no-4-october-2016,reports/original/275__RI_4_2016_eng_2.pdf,reports/documents/275__RI_4_2016_eng_2.pdf.md,612f179dd5a7ddb87e9bd553b824079432ff648aadceb6b2e03b1b006510fbfb,6626d22592dad209b9d9ae806da27167b7c36ff858ef066b59ef13fd3e0b9976,text-extracted
276,report,"Inflation Report no. 3, 2016",https://www.bnm.md/files/RI_3_2016_eng cu ISBN.pdf,https://www.bnm.md/en/content/raport-asupra-inflatiei-nr-3-august-2016,reports/original/276__RI_3_2016_eng cu ISBN.pdf,reports/documents/276__RI_3_2016_eng cu ISBN.pdf.md,e9fa5eae182af2383572eb9f10e442f4cc0fc0849f98282cfa2326aacc46f767,6c35d120e25bf2eb5ca887e93db7659d62e36a1baa524e5ccafbdb3ad8f169b5,text-extracted
277,report,"Inflation Report no. 2, 2016",https://www.bnm.md/files/RI_2_2016_en.pdf,https://www.bnm.md/en/content/inflation-report-no-2-may-2016,reports/original/277__RI_2_2016_en.pdf,reports/documents/277__RI_2_2016_en.pdf.md,0dce8e2ea374043a476f77a93a27fdc3be579d883c839621fb9b59897b5526c9,51d34e1777bdb7c60cdd190008c40163ae62ebe0c494bef94d95383ee0d6d87f,text-extracted
278,report,"Inflation Report no. 1, 2016",https://www.bnm.md/files/RI_1_2016_en.pdf,https://www.bnm.md/en/content/inflation-report-no-4-february-2016,reports/original/278__RI_1_2016_en.pdf,reports/documents/278__RI_1_2016_en.pdf.md,e1d024db3b4b82eee72e8b66f9a9802550863f51e00fee88cdbf20273e64c162,74cd8dbd90dc45c760bf70b046b6f14d8ef480c7ea9a67c9fe9ebb891112ba3e,text-extracted
279,report,"Inflation Report no. 4, 2015",https://www.bnm.md/files/RI_4_2015_en.pdf,https://www.bnm.md/en/content/inflation-report-no-4-november-2015,reports/original/279__RI_4_2015_en.pdf,reports/documents/279__RI_4_2015_en.pdf.md,6b2ec5e81b6decb3ddfa98463813a0e068873aa381ca47f3c964c79f2ab3ce59,7b39a05e9e2b8a375f341d024ea52665a05b346bf2ec7ba310d1c08bbf0c3f13,text-extracted
280,report,"Inflation Report no. 3, 2015",https://www.bnm.md/files/RI_main_EN_nr3_2015.pdf,https://www.bnm.md/en/content/inflation-report-no3-august-2015,reports/original/280__RI_main_EN_nr3_2015.pdf,reports/documents/280__RI_main_EN_nr3_2015.pdf.md,ac830bb05ae6c30621d3d4bb2cf919f152cad1bd97d067378063bcaa719503eb,1d59d7fdd64c5e4336864876cc00bccbbfe9db96575142a067e9915c77ef52ee,text-extracted
281,report,"Inflation Report no. 2, 2015",https://www.bnm.md/files/RI_2_2015_EN.pdf,https://www.bnm.md/en/content/inflation-report-no2-may-2015,reports/original/281__RI_2_2015_EN.pdf,reports/documents/281__RI_2_2015_EN.pdf.md,9b1221d988f377c92740f1f5d42fc065baf22010ca4fdc78f832b44635e6a3ab,3476d97cbdc204f62a8c000b731cce820f57fdb26dad5d9c2597cdb1bf009185,text-extracted
282,report,"Inflation Report no. 1, 2015",https://www.bnm.md/files/feb_en2015.pdf,https://www.bnm.md/en/content/inflation-report-no1-february-2015,reports/original/282__feb_en2015.pdf,reports/documents/282__feb_en2015.pdf.md,3309ca7c992df62222e42919e1fcc1dfe63e77e44b16c695c1f4594c0053df40,99ff9864feaf0be991085ace3559a1665bbd9de87f6dc184afb05de3c7dd4352,text-extracted
283,report,"Inflation Report no. 4, 2014",https://www.bnm.md/files/nov_en2014.pdf,https://www.bnm.md/en/content/inflation-report-no4-november-2014,reports/original/283__nov_en2014.pdf,reports/documents/283__nov_en2014.pdf.md,aed7e5c2db537ab6e3fab818961c026647e07976a7720579db3048450f379923,9007e416194a2e1e0c35bdc5527518bb9e0bca5abd14b60a4f11921117424c5f,text-extracted
284,report,"Inflation Report no. 3, 2014",https://www.bnm.md/files/aug_en2014.pdf,https://www.bnm.md/en/content/inflation-report-no3-august-2014,reports/original/284__aug_en2014.pdf,reports/documents/284__aug_en2014.pdf.md,a9c474a9c8673791f5761d59ee6e68f55a509d43de59212bd581151bfba013fd,175f28fd9a7cb275d1f23576ea16045ce1361e3da8c1896a957cd463ae74307f,text-extracted
285,report,"Inflation Report no. 2, 2014",https://www.bnm.md/files/RI_2_2014_EN_1.pdf,https://www.bnm.md/en/content/inflation-report-no2-may-2014,reports/original/285__RI_2_2014_EN_1.pdf,reports/documents/285__RI_2_2014_EN_1.pdf.md,f95bc2072eec08c780860c4c8d898874a9697900ca548bdbe19d3bc2bb27f7d6,7adb6d7407ff3fb0f92b0f9e334c16c4bda7ad5e899125afe3b90d2b4e1cbd5f,text-extracted
286,report,"Inflation Report no. 1, 2014",https://www.bnm.md/files/feb_en2014.pdf,https://www.bnm.md/en/content/inflation-report-no1-february-2014,reports/original/286__feb_en2014.pdf,reports/documents/286__feb_en2014.pdf.md,cc4bf8a0a66d86f2977c8b5d03f846d32ce0668406a98dd134182452c38d2783,6ef2a0230459eb6a80de11aa4de60d932cc638e20072001d2882f0c237405c25,text-extracted
287,report,"Inflation Report no. 4, 2013",https://www.bnm.md/files/nov_2013.pdf,https://www.bnm.md/en/content/inflation-report-no4-november-2013,reports/original/287__nov_2013.pdf,reports/documents/287__nov_2013.pdf.md,0e922f3ad9b0a0ac835e1af77bb547e61496bd5aa482dd995d21e544b9d1710c,7af908ad791ace31af818afef5f2de6b823d6cc93c438f44d91b0029b1e1b0c6,text-extracted
288,report,"Inflation Report no. 3, 2013",https://www.bnm.md/files/aug_2013.pdf,https://www.bnm.md/en/content/inflation-report-no3-august-2013,reports/original/288__aug_2013.pdf,reports/documents/288__aug_2013.pdf.md,60093d7bfd76871d45ad0cf8122278bbc4f46cfaccb795e8345024526d4f7ea5,72c55d456648526e08665b6ec00b111db137ccbc2a5052b98a2a7fe0191cdf60,text-extracted
289,report,"Inflation Report no. 2, 2013",https://www.bnm.md/files/may_2013.pdf,https://www.bnm.md/en/content/inflation-report-no2-may-2013,reports/original/289__may_2013.pdf,reports/documents/289__may_2013.pdf.md,4fb56a52ed6cd1f0217427a5cb48ce40ae0f689190fdba942863bdd30deb6a3a,ed3c7009e38f772d008e46bb6f535c6da2b32cf6b14d25ca923b62200ddcaef2,text-extracted
290,report,"Inflation Report no. 1, 2013",https://www.bnm.md/files/feb_2013.pdf,https://www.bnm.md/en/content/inflation-report-no1-february-2013,reports/original/290__feb_2013.pdf,reports/documents/290__feb_2013.pdf.md,83891deecbc3a96cbef4976f09076248eb4f07e567d01299761a33da35416511,82efc9dd69f5443d4abcb4384a11c7f74e633aa28d25d8b3fc9110e1220d437e,text-extracted
291,report,"Inflation Report no. 4, 2012",https://www.bnm.md/files/nov_2012.pdf,https://www.bnm.md/en/content/inflation-report-no4-november-2012,reports/original/291__nov_2012.pdf,reports/documents/291__nov_2012.pdf.md,ca41a07936e50ccd637beb7fcf0e2588fd60f747c98f08ea0b1ab3aa17257a32,8ffe8a6857e386865df1aac0605c27d8bf1ba7f048836b002224b8c354016cf2,text-extracted
292,report,"Inflation Report no. 3, 2012",https://www.bnm.md/files/aug_2012.pdf,https://www.bnm.md/en/content/inflation-report-no3-august-2012,reports/original/292__aug_2012.pdf,reports/documents/292__aug_2012.pdf.md,d587e18805e6a084ab5c1d78837dbd6ea7bf58303cbc68bc26b214fd72677e72,64c170426ae586ab7b88f532c6e95b112402e054d6835cd384b412f0f2e45765,text-extracted
293,report,"Inflation Report no. 2, 2012",https://www.bnm.md/files/may_2012.pdf,https://www.bnm.md/en/content/inflation-report-no2-may-2012,reports/original/293__may_2012.pdf,reports/documents/293__may_2012.pdf.md,34ac6171b2d9ec468a157503db7cd0f5815af1bee41a96b2573fa9ce87a8dd74,82f1a4c2839264b7e0e964d9c23e8f8c37ecf152bd72ad9469975f30487e9582,text-extracted
294,report,"Inflation Report no. 1, 2012",https://www.bnm.md/files/feb_2012.pdf,https://www.bnm.md/en/content/inflation-report-no-1-february-2012,reports/original/294__feb_2012.pdf,reports/documents/294__feb_2012.pdf.md,6d55b13ab963829aac970e32449ebdb9922d3cb2b6b5711d66c15435bf8fb9aa,180f619ffddff57bfedb6de762b5dc86d82b675c926d77877541d6d73348fd15,text-extracted
295,report,"Inflation Report no. 4, 2011",https://www.bnm.md/files/nov_2011.pdf,https://www.bnm.md/en/content/inflation-report-no-4-november-2011,reports/original/295__nov_2011.pdf,reports/documents/295__nov_2011.pdf.md,4fe2518a264b838f4cad4b4a7db7c00832cbac09f09f2a2afaf33a3ece1d1e6f,3766be82912f3ab438258e5bcc560fd4ef967919bfc3972d8765146c4eef6381,text-extracted
296,report,"Inflation Report no. 3, 2011",https://www.bnm.md/files/aug_2011.pdf,https://www.bnm.md/en/content/inflation-report-no-3-august-2011,reports/original/296__aug_2011.pdf,reports/documents/296__aug_2011.pdf.md,4b0cf2f045e8e5c7d5ba85b1352667f06b4c6b47be9b14340db3894c4d86cbde,0c76c7463501d0a0143b174a0a15a9766d07a2c5f90ae6e901679bd2f9b055b7,text-extracted
297,report,"Inflation Report no. 2, 2011",https://www.bnm.md/files/may_2011.pdf,https://www.bnm.md/en/content/inflation-report-no-2-may-2011,reports/original/297__may_2011.pdf,reports/documents/297__may_2011.pdf.md,0ffa965ecf1c885b30b6908b5476e369c3a3a471d7cf106c485f61075d33dd3d,f73fe3565550183b2af9c835b4ffaa5c6e809ac11882176cc3947377919cc1f2,text-extracted
298,report,"Inflation Report no. 1, 2011",https://www.bnm.md/files/1_2011_en.pdf,https://www.bnm.md/en/content/inflation-report-no1-2011,reports/original/298__1_2011_en.pdf,reports/documents/298__1_2011_en.pdf.md,4e8018c6213b6707bea58bf0a6a241a5246498801f13718f41cbd4144bf89f8a,3040885093fcaff55f477d709b5ebe6c58de8f4f6beba4596b18bdbbe238d80f,text-extracted
299,report,Financial Stability Report for 2024,https://www.bnm.md/files/Financial Stability Report 2024.pdf,https://www.bnm.md/en/content/financial-stability-report-2024,reports/original/299__Financial Stability Report 2024.pdf,reports/documents/299__Financial Stability Report 2024.pdf.md,ca794551fafb85335087ade7a657a7e158665100dd5dc0acca4cee6daa4fc11b,31e5261124efc18643712aa57847d925bd31c2625ce5ee55a5cb8697fed2ffe8,text-extracted
300,report,Financial Stability Report for 2023,https://www.bnm.md/files/Financial Stability Report for 2023.pdf,https://www.bnm.md/en/content/financial-stability-report-2023,reports/original/300__Financial Stability Report for 2023.pdf,reports/documents/300__Financial Stability Report for 2023.pdf.md,81e0765e201447319a3af27d3e58bcbe42150a2628fb48182db8fcb1b7c45b64,792d7c9aeae39a795c10ae0f19d77fe94bc62cc5ae5a88b582cb8200983c6579,text-extracted
301,report,Financial Stability Report for 2022,https://www.bnm.md/files/RSF_2022_EN_v1.pdf,https://www.bnm.md/en/content/raportul-asupra-stabilitatii-financiare-2022,reports/original/301__RSF_2022_EN_v1.pdf,reports/documents/301__RSF_2022_EN_v1.pdf.md,68111bb1c271de0badf0d6abc659a52ef89c6d0367989112f0ca9ddeb92a2459,87c3fb733dc1684c358a776fe48cba63881270e2584f021ec22cb5aefe8f4e32,text-extracted
302,report,Financial Stability Report for 2021,https://www.bnm.md/files/RSF-2021_ENG.pdf,https://www.bnm.md/en/content/financial-stability-report-2021,reports/original/302__RSF-2021_ENG.pdf,reports/documents/302__RSF-2021_ENG.pdf.md,b66fe8b6a7abd5fea7b2124d9180337ef5a48a9301aba9ba5cd43e8f9666ae7b,a1a3d10c0769cad5a22f4c6865840c28fc5f5c4af36013dc5612fdde08f0ccd1,text-extracted
303,report,Financial Stability Report for 2020,https://www.bnm.md/files/RSF-2020_EN.pdf,https://www.bnm.md/en/content/financial-stability-report-2020,reports/original/303__RSF-2020_EN.pdf,reports/documents/303__RSF-2020_EN.pdf.md,4ab1430ecbaecc54e3b01fe4100ec6f44e733a66035545603b7c9d7a49e88f8e,9218315c8fac66ff6baaa4761e64fd0a5812495c4421941a440c065fcdefca4f,text-extracted
304,report,Financial Stability Report for 2019,https://www.bnm.md/files/RSF-2019_eng.pdf,https://www.bnm.md/en/content/financial-stability-report-2019,reports/original/304__RSF-2019_eng.pdf,reports/documents/304__RSF-2019_eng.pdf.md,5c65748e75d8c73028b1e409127c2241d54ef2fe9845958cf61cb54802d01ad2,8bbf80ff8bfe2ba90d63db8896fffa106d7b9905fc46ebd39d5482d490354718,text-extracted
305,report,Financial Stability Report for 2018,https://www.bnm.md/files/RSF-2018_publicare_EN.pdf,https://www.bnm.md/en/content/financial-stability-report-2018,reports/original/305__RSF-2018_publicare_EN.pdf,reports/documents/305__RSF-2018_publicare_EN.pdf.md,3790bf61d64d5776dffe03c52b7d51e945d70f4a0ab165f5d5c4296828a6ad05,a46d564187aa9dd9ed8b443082a882be0972c55930bc4ae11acf2050e7f98bf3,text-extracted
