kind,title,source_record,file_url,local_file,bytes,status
legislation,Law on the National Bank of Moldova No 548-XIII of 21 July 1995,https://www.bnm.md/en/content/law-national-bank-moldova-no548-xiii-july-21-1995,https://www.bnm.md/files/Law on the National Bank of Moldova no_ 548-XIII of July 21 1995_02_08_2024_2.pdf,C:\Users\harab\Desktop\BNM_site_inventory\source_files\001__Law on the National Bank of Moldova no_ 548-XIII of July 21 1995_02_08_2024_2.pdf,510874,downloaded
legislation,Law on the National Bank of Moldova No 548-XIII of 21 July 1995,https://www.bnm.md/en/content/law-national-bank-moldova-no548-xiii-july-21-1995,https://www.bnm.md/files/Law on the National Bank of Moldova no_ 548-XIII of July 21 1995_02_08_2024_1.docx,C:\Users\harab\Desktop\BNM_site_inventory\source_files\002__Law on the National Bank of Moldova no_ 548-XIII of July 21 1995_02_08_2024_1.docx,110229,downloaded
legislation,Law on the activity of banks No 202 of 06 October 2017,https://www.bnm.md/en/content/law-banks-activity-no-202-06-october-2017,https://www.bnm.md/files/EN_Law on the activity of banks no_202_2017.pdf,C:\Users\harab\Desktop\BNM_site_inventory\source_files\003__EN_Law on the activity of banks no_202_2017.pdf,796080,downloaded
legislation,Law on the activity of banks No 202 of 06 October 2017,https://www.bnm.md/en/content/law-banks-activity-no-202-06-october-2017,https://www.bnm.md/files/EN_Law on the activity of banks no_202_2017.doc,C:\Users\harab\Desktop\BNM_site_inventory\source_files\004__EN_Law on the activity of banks no_202_2017.doc,602624,downloaded
legislation,"Law on supplementary supervision of banks, insurers/reinsurers and investment firms in a financial conglomerate No 250 of December 1, 2017 (in force on March 29, 2018)",https://www.bnm.md/en/content/law-supplementary-supervision-banks-insurersreinsurers-and-investment-firms-financial,https://www.bnm.md/files/Lege 250_Engleza.pdf,C:\Users\harab\Desktop\BNM_site_inventory\source_files\005__Lege 250_Engleza.pdf,624085,downloaded
legislation,"Law on supplementary supervision of banks, insurers/reinsurers and investment firms in a financial conglomerate No 250 of December 1, 2017 (in force on March 29, 2018)",https://www.bnm.md/en/content/law-supplementary-supervision-banks-insurersreinsurers-and-investment-firms-financial,https://www.bnm.md/files/Lege 250_Engleza.doc,C:\Users\harab\Desktop\BNM_site_inventory\source_files\006__Lege 250_Engleza.doc,136704,downloaded
legislation,"Law on Banks Recovery and Resolution No 232, as of 03.10.2016",https://www.bnm.md/en/content/law-banks-recovery-and-resolution-no-232-03102016,"https://www.bnm.md/files/Law on Banks Recovery and Resolution no 232, as of 03_10_2016.pdf","C:\Users\harab\Desktop\BNM_site_inventory\source_files\007__Law on Banks Recovery and Resolution no 232, as of 03_10_2016.pdf",817703,downloaded
legislation,"Law on Banks Recovery and Resolution No 232, as of 03.10.2016",https://www.bnm.md/en/content/law-banks-recovery-and-resolution-no-232-03102016,"https://www.bnm.md/files/Law on Banks Recovery and Resolution no 232, as of 03_10_2016.docx","C:\Users\harab\Desktop\BNM_site_inventory\source_files\008__Law on Banks Recovery and Resolution no 232, as of 03_10_2016.docx",175452,downloaded
legislation,Law on banks liquidation No 550 of 21 July 1995,https://www.bnm.md/en/content/law-financial-institutions-no-550-xiii-21071995,"https://www.bnm.md/files/Law on banks liquidation no 550-XIII, as of 21_07_1995.pdf","C:\Users\harab\Desktop\BNM_site_inventory\source_files\009__Law on banks liquidation no 550-XIII, as of 21_07_1995.pdf",212643,downloaded
legislation,Law on banks liquidation No 550 of 21 July 1995,https://www.bnm.md/en/content/law-financial-institutions-no-550-xiii-21071995,"https://www.bnm.md/files/Law on banks liquidation no 550-XIII, as of 21_07_1995.doc","C:\Users\harab\Desktop\BNM_site_inventory\source_files\010__Law on banks liquidation no 550-XIII, as of 21_07_1995.doc",201216,downloaded
legislation,"Law No 94 of May 13, 2016 on amending and supplementing Law no. 62-XVI of March 21, 2008 on foreign exchange regulation",https://www.bnm.md/ro/content/lege-pentru-modificarea-si-completarea-legii-nr-62-xvi-din-21-martie-2008-privind,https://www.bnm.md/files/Recomandare%20OCDE_ro.pdf,C:\Users\harab\Desktop\BNM_site_inventory\source_files\011__Recomandare OCDE_ro.pdf,268997,already_downloaded
legislation,"Law No 94 of May 13, 2016 on amending and supplementing Law no. 62-XVI of March 21, 2008 on foreign exchange regulation",https://www.bnm.md/ro/content/lege-pentru-modificarea-si-completarea-legii-nr-62-xvi-din-21-martie-2008-privind,https://www.bnm.md/files/Nota tehnică - Indicele prețului imobilului rezidențial.pdf,C:\Users\harab\Desktop\BNM_site_inventory\source_files\012__Nota tehnică - Indicele prețului imobilului rezidențial.pdf,732370,downloaded
legislation,"Law No 94 of May 13, 2016 on amending and supplementing Law no. 62-XVI of March 21, 2008 on foreign exchange regulation",https://www.bnm.md/ro/content/lege-pentru-modificarea-si-completarea-legii-nr-62-xvi-din-21-martie-2008-privind,https://www.bnm.md/files/Strategia%20privind%20politica%20macroprudentiala_v3_1.pdf,C:\Users\harab\Desktop\BNM_site_inventory\source_files\013__Strategia privind politica macroprudentiala_v3_1.pdf,171205,already_downloaded
legislation,"Law No 94 of May 13, 2016 on amending and supplementing Law no. 62-XVI of March 21, 2008 on foreign exchange regulation",https://www.bnm.md/ro/content/lege-pentru-modificarea-si-completarea-legii-nr-62-xvi-din-21-martie-2008-privind,https://www.bnm.md/files/ISAP1_Final_WebVersion.pdf,C:\Users\harab\Desktop\BNM_site_inventory\source_files\014__ISAP1_Final_WebVersion.pdf,252070,already_downloaded
legislation,"Law No 94 of May 13, 2016 on amending and supplementing Law no. 62-XVI of March 21, 2008 on foreign exchange regulation",https://www.bnm.md/ro/content/lege-pentru-modificarea-si-completarea-legii-nr-62-xvi-din-21-martie-2008-privind,https://www.bnm.md/files/Nota%20tehnică%20-%20Indicele%20prețului%20imobilului%20rezidențial.pdf,C:\Users\harab\Desktop\BNM_site_inventory\source_files\015__Nota tehnică - Indicele prețului imobilului rezidențial.pdf,732370,downloaded
legislation,Law on Foreign Exchange Regulation No 62-XVI of 21 March 2008,https://www.bnm.md/en/content/law-foreign-exchange-regulation-no-62-xvi-21-march-2008,https://www.bnm.md/files/Law on foreign exchange regulation No 62-2008_dp L 327-2025.pdf,C:\Users\harab\Desktop\BNM_site_inventory\source_files\016__Law on foreign exchange regulation No 62-2008_dp L 327-2025.pdf,957364,downloaded
legislation,Law on Foreign Exchange Regulation No 62-XVI of 21 March 2008,https://www.bnm.md/en/content/law-foreign-exchange-regulation-no-62-xvi-21-march-2008,https://www.bnm.md/files/Law on foreign exchange regulation No 62-2008_dp L 327-2025.docx,C:\Users\harab\Desktop\BNM_site_inventory\source_files\017__Law on foreign exchange regulation No 62-2008_dp L 327-2025.docx,149745,downloaded
legislation,"Law on Payment Services and Electronic Money, No 114 of 18 May 2012",https://www.bnm.md/en/content/law-payment-services-and-electronic-money-no-114-18052012,"https://www.bnm.md/files/Law on Payment Services and Electronic Money, no_114-2012_1.pdf","C:\Users\harab\Desktop\BNM_site_inventory\source_files\018__Law on Payment Services and Electronic Money, no_114-2012_1.pdf",485955,downloaded
legislation,"Law on Payment Services and Electronic Money, No 114 of 18 May 2012",https://www.bnm.md/en/content/law-payment-services-and-electronic-money-no-114-18052012,"https://www.bnm.md/files/Law on Payment Services and Electronic Money, no_114-2012_1.doc","C:\Users\harab\Desktop\BNM_site_inventory\source_files\019__Law on Payment Services and Electronic Money, no_114-2012_1.doc",365568,downloaded
legislation,"Law on Single Central Securities Depository No 234 as of October 3, 2016",https://www.bnm.md/en/content/law-single-central-securities-depository-no-234-october-3-2016,https://www.bnm.md/files/Law on Single Central Securities Depository no 234_2016.pdf,C:\Users\harab\Desktop\BNM_site_inventory\source_files\020__Law on Single Central Securities Depository no 234_2016.pdf,723397,downloaded
legislation,"Law on Single Central Securities Depository No 234 as of October 3, 2016",https://www.bnm.md/en/content/law-single-central-securities-depository-no-234-october-3-2016,https://www.bnm.md/files/Law on Single Central Securities Depository no 234_2016.doc,C:\Users\harab\Desktop\BNM_site_inventory\source_files\021__Law on Single Central Securities Depository no 234_2016.doc,191488,downloaded
legislation,Law No 363/2022 amending some normative acts,https://www.bnm.md/ro/content/legea-nr3632022-pentru-modificarea-unor-acte-normative,https://www.bnm.md/files/L 363 2022 ro.pdf,C:\Users\harab\Desktop\BNM_site_inventory\source_files\022__L 363 2022 ro.pdf,572059,downloaded
legislation,Law No 363/2022 amending some normative acts,https://www.bnm.md/ro/content/legea-nr3632022-pentru-modificarea-unor-acte-normative,https://www.bnm.md/files/L 363 2022 ro.doc,C:\Users\harab\Desktop\BNM_site_inventory\source_files\023__L 363 2022 ro.doc,154624,downloaded
legislation,Law on non-bank credit organizations no. 1 of 16 march 2018,https://www.bnm.md/en/content/law-non-bank-credit-organizations-no-1-16-march-2018,https://www.bnm.md/files/Law no_1-2018_NBCO_(OCN).pdf,C:\Users\harab\Desktop\BNM_site_inventory\source_files\024__Law no_1-2018_NBCO_(OCN).pdf,216051,downloaded
legislation,Law on non-bank credit organizations no. 1 of 16 march 2018,https://www.bnm.md/en/content/law-non-bank-credit-organizations-no-1-16-march-2018,https://www.bnm.md/files/Law no_1-2018_NBCO_(OCN)___.docx,C:\Users\harab\Desktop\BNM_site_inventory\source_files\025__Law no_1-2018_NBCO_(OCN)___.docx,118297,downloaded
legislation,Law on Savings and Loan Associations No 139-XVI of 21 June 2007,https://www.bnm.md/en/content/law-savings-and-loan-associations-no-139-xvi-21-june-2007,https://www.bnm.md/files/Law no_139-2007_SLA_(AEI).pdf,C:\Users\harab\Desktop\BNM_site_inventory\source_files\026__Law no_139-2007_SLA_(AEI).pdf,366425,downloaded
legislation,Law on Savings and Loan Associations No 139-XVI of 21 June 2007,https://www.bnm.md/en/content/law-savings-and-loan-associations-no-139-xvi-21-june-2007,https://www.bnm.md/files/Law no_139-2007_SLA_(AEI) --.docx,C:\Users\harab\Desktop\BNM_site_inventory\source_files\027__Law no_139-2007_SLA_(AEI) --.docx,127929,downloaded
legislation,"Law on bureaus of credit history No 122-XVI of 29 May, 2008",https://www.bnm.md/en/content/law-bureaus-credit-history-no-122-xvi-29-may-2008,https://www.bnm.md/files/Law no_122-2008_BCH_(BIC).pdf,C:\Users\harab\Desktop\BNM_site_inventory\source_files\028__Law no_122-2008_BCH_(BIC).pdf,263269,downloaded
legislation,"Law on bureaus of credit history No 122-XVI of 29 May, 2008",https://www.bnm.md/en/content/law-bureaus-credit-history-no-122-xvi-29-may-2008,https://www.bnm.md/files/Law no_122-2008_BCH_(BIC).docx,C:\Users\harab\Desktop\BNM_site_inventory\source_files\029__Law no_122-2008_BCH_(BIC).docx,75306,downloaded
legislation,Law on compulsory motor third party liability insurance for damages caused by vehicles No.106 of 21 april 2022,https://www.bnm.md/en/content/law-compulsory-motor-third-party-liability-insurance-damages-caused-vehicles-no106-21-april,https://www.bnm.md/files/Law No_ 106-2022_MTPL_ ENG (2).pdf,C:\Users\harab\Desktop\BNM_site_inventory\source_files\030__Law No_ 106-2022_MTPL_ ENG (2).pdf,504009,downloaded
legislation,Law on compulsory motor third party liability insurance for damages caused by vehicles No.106 of 21 april 2022,https://www.bnm.md/en/content/law-compulsory-motor-third-party-liability-insurance-damages-caused-vehicles-no106-21-april,https://www.bnm.md/files/Law No_ 106-2022_MTPL_ ENG (2).docx,C:\Users\harab\Desktop\BNM_site_inventory\source_files\031__Law No_ 106-2022_MTPL_ ENG (2).docx,117831,downloaded
legislation,"Law on the business of insurance and reinsurance No 92 of April 7th, 2022",https://www.bnm.md/en/content/law-business-insurance-and-reinsurance-no-92-april-7th-2022,https://www.bnm.md/files/Law No_92-22_Insurance_ENG_ (1).pdf,C:\Users\harab\Desktop\BNM_site_inventory\source_files\032__Law No_92-22_Insurance_ENG_ (1).pdf,1696503,downloaded
legislation,"Law on the business of insurance and reinsurance No 92 of April 7th, 2022",https://www.bnm.md/en/content/law-business-insurance-and-reinsurance-no-92-april-7th-2022,https://www.bnm.md/files/Law No_92-22_Insurance_ENG_ (1).docx,C:\Users\harab\Desktop\BNM_site_inventory\source_files\033__Law No_92-22_Insurance_ENG_ (1).docx,325524,downloaded
legislation,Law on transparency in the decision-making process no. 239-XVI of 13.11.2008,https://www.bnm.md/en/content/law-transparency-decision-making-process-no-239-xvi-13112008,https://www.bnm.md/files/ENG_Legea 239.pdf,C:\Users\harab\Desktop\BNM_site_inventory\source_files\034__ENG_Legea 239.pdf,110471,downloaded
legislation,Law on transparency in the decision-making process no. 239-XVI of 13.11.2008,https://www.bnm.md/en/content/law-transparency-decision-making-process-no-239-xvi-13112008,https://www.bnm.md/files/ENG_Legea 239.docx,C:\Users\harab\Desktop\BNM_site_inventory\source_files\035__ENG_Legea 239.docx,39179,downloaded
legislation,"Regulation on responsible lending to consumers, approved by the Decision No 60 of 12 March 2026",https://www.bnm.md/en/content/regulation-responsible-lending-consumers-approved-decision-no-60-12-march-2026-effect,https://www.bnm.md/files/Regulation on responsible lending to individuals.pdf,C:\Users\harab\Desktop\BNM_site_inventory\source_files\036__Regulation on responsible lending to individuals.pdf,273291,downloaded
legislation,"Regulation on responsible lending to consumers, approved by the Decision No 60 of 12 March 2026",https://www.bnm.md/en/content/regulation-responsible-lending-consumers-approved-decision-no-60-12-march-2026-effect,https://www.bnm.md/files/Regulation on responsible lending to individuals.docx,C:\Users\harab\Desktop\BNM_site_inventory\source_files\037__Regulation on responsible lending to individuals.docx,58022,downloaded
legislation,EBD 176/2025 On the approval of the Regulation on the leverage and the amendment of certain normative acts of the National Bank of Moldova,https://www.bnm.md/en/content/regulation-leverage-banks-approved-decision-executive-board-national-bank-moldova-no274-10,https://www.bnm.md/files/Regulation leverage ratio 176 2025 eng_1.pdf,C:\Users\harab\Desktop\BNM_site_inventory\source_files\038__Regulation leverage ratio 176 2025 eng_1.pdf,240900,downloaded
legislation,EBD 176/2025 On the approval of the Regulation on the leverage and the amendment of certain normative acts of the National Bank of Moldova,https://www.bnm.md/en/content/regulation-leverage-banks-approved-decision-executive-board-national-bank-moldova-no274-10,https://www.bnm.md/files/Regulation leverage ratio 176 2025 eng_1.docx,C:\Users\harab\Desktop\BNM_site_inventory\source_files\039__Regulation leverage ratio 176 2025 eng_1.docx,66080,downloaded
legislation,"Regulation on the Supervision of Foreign Exchange Entities, approved by the Decision of the Executive Board of the NBM No 163 of 17 July 2025 (in force from 30 July 2025)",https://www.bnm.md/en/content/regulation-supervision-foreign-exchange-entities-approved-decision-executive-board-nbm-no,https://www.bnm.md/files/1_2 HCE_Reg supraveghere_USV ENG.pdf,C:\Users\harab\Desktop\BNM_site_inventory\source_files\040__1_2 HCE_Reg supraveghere_USV ENG.pdf,354921,downloaded
legislation,"Regulation on the Supervision of Foreign Exchange Entities, approved by the Decision of the Executive Board of the NBM No 163 of 17 July 2025 (in force from 30 July 2025)",https://www.bnm.md/en/content/regulation-supervision-foreign-exchange-entities-approved-decision-executive-board-nbm-no,https://www.bnm.md/files/1_2 HCE_Reg supraveghere_USV ENG.docx,C:\Users\harab\Desktop\BNM_site_inventory\source_files\041__1_2 HCE_Reg supraveghere_USV ENG.docx,63660,downloaded
legislation,"EBD 329/2024 On approval, amendment and repeal of some normative acts Of the National Bank of Moldova (on liquidity coverage requirement and stable funding requirement)",https://www.bnm.md/en/content/ebd-3292024-approval-amendment-and-repeal-some-normative-acts-national-bank-moldova,https://www.bnm.md/files/Reg LCR NSFR 329 2024 eng.pdf,C:\Users\harab\Desktop\BNM_site_inventory\source_files\042__Reg LCR NSFR 329 2024 eng.pdf,668119,downloaded
legislation,"EBD 329/2024 On approval, amendment and repeal of some normative acts Of the National Bank of Moldova (on liquidity coverage requirement and stable funding requirement)",https://www.bnm.md/en/content/ebd-3292024-approval-amendment-and-repeal-some-normative-acts-national-bank-moldova,https://www.bnm.md/files/Reg LCR NSFR 329 2024 eng_1.docx,C:\Users\harab\Desktop\BNM_site_inventory\source_files\043__Reg LCR NSFR 329 2024 eng_1.docx,152437,downloaded
legislation,"The Regulation on the requirements for the identification and verification of customers’ identities by electronic means, approved by the Decision No 281 of 7 November 2024",https://www.bnm.md/en/content/regulation-requirements-identification-and-verification-customers-identities-electronic,https://www.bnm.md/files/Decision n 281 of 7 November 2024 ENGL.pdf,C:\Users\harab\Desktop\BNM_site_inventory\source_files\044__Decision n 281 of 7 November 2024 ENGL.pdf,363279,downloaded
legislation,"The Regulation on the requirements for the identification and verification of customers’ identities by electronic means, approved by the Decision No 281 of 7 November 2024",https://www.bnm.md/en/content/regulation-requirements-identification-and-verification-customers-identities-electronic,https://www.bnm.md/files/Decision n 281 of 7 November 2024 ENGL.docx,C:\Users\harab\Desktop\BNM_site_inventory\source_files\045__Decision n 281 of 7 November 2024 ENGL.docx,83849,downloaded
legislation,"Regulation on carrying out controls and application of sanctions to foreign exchange entities, approved by the Decision of the Executive Board of the NBM No 187/2023",https://www.bnm.md/en/content/regulation-carrying-out-controls-and-application-sanctions-foreign-exchange-entities,https://www.bnm.md/files/Reg ctrl_sanct USV_en_final.pdf,C:\Users\harab\Desktop\BNM_site_inventory\source_files\046__Reg ctrl_sanct USV_en_final.pdf,353233,downloaded
legislation,"Regulation on carrying out controls and application of sanctions to foreign exchange entities, approved by the Decision of the Executive Board of the NBM No 187/2023",https://www.bnm.md/en/content/regulation-carrying-out-controls-and-application-sanctions-foreign-exchange-entities,https://www.bnm.md/files/Reg ctrl_sanct USV_en_final.docx,C:\Users\harab\Desktop\BNM_site_inventory\source_files\047__Reg ctrl_sanct USV_en_final.docx,58120,downloaded
legislation,Regulation on the calculation and payment of contributions to the bank resolution fund No 74 of 20.03.2020,https://www.bnm.md/en/content/regulation-calculation-and-payment-contributions-bank-resolution-fund-no-74-20032020,https://www.bnm.md/files/3_ Regulation  - contributions to the Bank Resolution Fund  (en) (1).pdf,C:\Users\harab\Desktop\BNM_site_inventory\source_files\048__3_ Regulation - contributions to the Bank Resolution Fund (en) (1).pdf,185876,downloaded
legislation,Regulation on the calculation and payment of contributions to the bank resolution fund No 74 of 20.03.2020,https://www.bnm.md/en/content/regulation-calculation-and-payment-contributions-bank-resolution-fund-no-74-20032020,https://www.bnm.md/files/3_ Regulation  - contributions to the Bank Resolution Fund  (en) (1)_1.doc,C:\Users\harab\Desktop\BNM_site_inventory\source_files\049__3_ Regulation - contributions to the Bank Resolution Fund (en) (1)_1.doc,114688,downloaded
legislation,"Regulation on consolidated supervision of banks, approved by the Decision of the Executive Board of the NBM no 101 of 16.04.2020",https://www.bnm.md/en/content/regulation-consolidated-supervision-banks,https://www.bnm.md/files/Consolidation Regulation (1).pdf,C:\Users\harab\Desktop\BNM_site_inventory\source_files\050__Consolidation Regulation (1).pdf,128101,downloaded
legislation,"Regulation on consolidated supervision of banks, approved by the Decision of the Executive Board of the NBM no 101 of 16.04.2020",https://www.bnm.md/en/content/regulation-consolidated-supervision-banks,https://www.bnm.md/files/Consolidation Regulation (1).docx,C:\Users\harab\Desktop\BNM_site_inventory\source_files\051__Consolidation Regulation (1).docx,33057,downloaded
legislation,"Regulation on Certain Aspects Related to Export and Import of Cash and of Traveller’s Cheques by Banks, approved by DEB of the NBM No 165 of June 14, 2019",https://www.bnm.md/en/content/regulation-certain-aspects-related-export-and-import-cash-and-travellers-cheques-banks,https://www.bnm.md/files/1_en_reg exp imp b_hce165_ro_dp publ.pdf,C:\Users\harab\Desktop\BNM_site_inventory\source_files\052__1_en_reg exp imp b_hce165_ro_dp publ.pdf,457716,downloaded
legislation,"Regulation on Certain Aspects Related to Export and Import of Cash and of Traveller’s Cheques by Banks, approved by DEB of the NBM No 165 of June 14, 2019",https://www.bnm.md/en/content/regulation-certain-aspects-related-export-and-import-cash-and-travellers-cheques-banks,https://www.bnm.md/files/1_en_reg exp imp b_hce165_ro_dp publ.doc,C:\Users\harab\Desktop\BNM_site_inventory\source_files\053__1_en_reg exp imp b_hce165_ro_dp publ.doc,119808,downloaded
legislation,"Regulation on regulatory technical standards on the supplementary supervision of financial conglomerates, approved by the Decision of the Executive Board of the National Bank of Moldova No 31 of February 13, 2020",https://www.bnm.md/en/content/regulation-regulatory-technical-standards-supplementary-supervision-financial-conglomerates,https://www.bnm.md/files/Financial conglomerates regulation.pdf,C:\Users\harab\Desktop\BNM_site_inventory\source_files\054__Financial conglomerates regulation.pdf,185686,downloaded
legislation,"Regulation on regulatory technical standards on the supplementary supervision of financial conglomerates, approved by the Decision of the Executive Board of the National Bank of Moldova No 31 of February 13, 2020",https://www.bnm.md/en/content/regulation-regulatory-technical-standards-supplementary-supervision-financial-conglomerates,https://www.bnm.md/files/Financial conglomerates regulation.docx,C:\Users\harab\Desktop\BNM_site_inventory\source_files\055__Financial conglomerates regulation.docx,49262,downloaded
legislation,"Regulation on the requirements for publication of information by banks, approved by the Decision of the Executive Board of the National Bank of Moldova, No. 158 of 9 July 2020",https://www.bnm.md/en/content/regulation-requirements-publication-information-banks-approved-decision-executive-board,https://www.bnm.md/files/EN_Regulamentul nr_158 din 2020 cu privire la cerintele de publicare.pdf,C:\Users\harab\Desktop\BNM_site_inventory\source_files\056__EN_Regulamentul nr_158 din 2020 cu privire la cerintele de publicare.pdf,1094805,downloaded
legislation,"Regulation on the requirements for publication of information by banks, approved by the Decision of the Executive Board of the National Bank of Moldova, No. 158 of 9 July 2020",https://www.bnm.md/en/content/regulation-requirements-publication-information-banks-approved-decision-executive-board,https://www.bnm.md/files/EN_Regulamentul nr_158 din 2020 cu privire la cerintele de publicare.docx,C:\Users\harab\Desktop\BNM_site_inventory\source_files\057__EN_Regulamentul nr_158 din 2020 cu privire la cerintele de publicare.docx,189713,downloaded
legislation,"Regulation on outsourcing the bank's activities and operations, approved by Decision of the Executive Board of the National Bank of Moldova no.46 of February 26, 2020",https://www.bnm.md/en/content/regulamentul-privind-externalizarea-activitatilor-si-operatiunilor-bancii-aprobat-prin,https://www.bnm.md/files/REG_046_EN_08_12_21.pdf,C:\Users\harab\Desktop\BNM_site_inventory\source_files\058__REG_046_EN_08_12_21.pdf,320161,already_downloaded
legislation,"Regulation on outsourcing the bank's activities and operations, approved by Decision of the Executive Board of the National Bank of Moldova no.46 of February 26, 2020",https://www.bnm.md/en/content/regulamentul-privind-externalizarea-activitatilor-si-operatiunilor-bancii-aprobat-prin,https://www.bnm.md/files/REG_046_EN_08_12_21_1.doc,C:\Users\harab\Desktop\BNM_site_inventory\source_files\059__REG_046_EN_08_12_21_1.doc,142848,already_downloaded
legislation,"Regulation on Banks' Transactions with Their Related Parties, approved by the DCA of the NBM no. 240 from December 9, 2013",https://www.bnm.md/en/content/regulation-large-exposures-approved-dca-nbm-no-240-december-9-2013,https://www.bnm.md/files/Regulamentul 240_2013 l engl_2.pdf,C:\Users\harab\Desktop\BNM_site_inventory\source_files\060__Regulamentul 240_2013 l engl_2.pdf,588294,downloaded
legislation,"Regulation on Banks' Transactions with Their Related Parties, approved by the DCA of the NBM no. 240 from December 9, 2013",https://www.bnm.md/en/content/regulation-large-exposures-approved-dca-nbm-no-240-december-9-2013,https://www.bnm.md/files/Regulamentul 240_2013 l engl.doc,C:\Users\harab\Desktop\BNM_site_inventory\source_files\061__Regulamentul 240_2013 l engl.doc,130048,downloaded
legislation,"Regulation on Large Exposures, approved by Decision of the Executive Board of the National Bank of Moldova no.109 of April 5, 2019 (in force as of 19.06.2019)",https://www.bnm.md/en/content/regulation-large-exposures-approved-decision-council-administration-national-bank-moldova,https://www.bnm.md/files/Regulament_109_2019_expuneri mari_eng_1.pdf,C:\Users\harab\Desktop\BNM_site_inventory\source_files\062__Regulament_109_2019_expuneri mari_eng_1.pdf,678090,downloaded
legislation,"Regulation on Large Exposures, approved by Decision of the Executive Board of the National Bank of Moldova no.109 of April 5, 2019 (in force as of 19.06.2019)",https://www.bnm.md/en/content/regulation-large-exposures-approved-decision-council-administration-national-bank-moldova,https://www.bnm.md/files/Regulament_109_2019_expuneri mari_eng_1.doc,C:\Users\harab\Desktop\BNM_site_inventory\source_files\063__Regulament_109_2019_expuneri mari_eng_1.doc,391680,downloaded
legislation,"Regulation on Branches and Secondary Offices of Banks, Decision of the NBM No 147 of 17.05.2019",https://www.bnm.md/en/content/regulation-branches-and-secondary-offices-banks-no147-17052019,https://www.bnm.md/files/Reg_195_EN_1.pdf,C:\Users\harab\Desktop\BNM_site_inventory\source_files\064__Reg_195_EN_1.pdf,451209,already_downloaded
legislation,"Regulation on Branches and Secondary Offices of Banks, Decision of the NBM No 147 of 17.05.2019",https://www.bnm.md/en/content/regulation-branches-and-secondary-offices-banks-no147-17052019,https://www.bnm.md/files/Reg_195_EN_1.doc,C:\Users\harab\Desktop\BNM_site_inventory\source_files\065__Reg_195_EN_1.doc,86016,already_downloaded
legislation,"Regulation on Banking Activity Management Framework No. 322 of December 20, 2018 (in force since April 4, 2019) amended by Decision of the NBM no. 275 of 29.12.2022, in force 13.04.2023",https://www.bnm.md/en/content/decision-no322-december-20-2018-approval-regulation-banking-activity-management-framework,https://www.bnm.md/files/Reg_322_EN_02_03_2026.pdf,C:\Users\harab\Desktop\BNM_site_inventory\source_files\066__Reg_322_EN_02_03_2026.pdf,1254537,already_downloaded
legislation,"Regulation on Banking Activity Management Framework No. 322 of December 20, 2018 (in force since April 4, 2019) amended by Decision of the NBM no. 275 of 29.12.2022, in force 13.04.2023",https://www.bnm.md/en/content/decision-no322-december-20-2018-approval-regulation-banking-activity-management-framework,https://www.bnm.md/files/Reg_322_EN_02_03_2026.docx,C:\Users\harab\Desktop\BNM_site_inventory\source_files\067__Reg_322_EN_02_03_2026.docx,251799,already_downloaded
legislation,"Regulation on the licensing of the bank and the branch of the bank from another state, approved by Decision of the Council of Administration of the National Bank of Moldova no.328 of December 13, 2019",https://www.bnm.md/en/content/regulation-licensing-bank-and-branch-bank-another-state-approved-decision-council,https://www.bnm.md/files/REG 328_EN_08_12_21 (1).pdf,C:\Users\harab\Desktop\BNM_site_inventory\source_files\068__REG 328_EN_08_12_21 (1).pdf,434099,downloaded
legislation,"Regulation on the licensing of the bank and the branch of the bank from another state, approved by Decision of the Council of Administration of the National Bank of Moldova no.328 of December 13, 2019",https://www.bnm.md/en/content/regulation-licensing-bank-and-branch-bank-another-state-approved-decision-council,https://www.bnm.md/files/REG 328_EN_08_12_21 (1).doc,C:\Users\harab\Desktop\BNM_site_inventory\source_files\069__REG 328_EN_08_12_21 (1).doc,139264,downloaded
legislation,"Regulation on Requirements Regarding the Members of the Governing Body of the Bank, the Financial Holding Company or Mixed Holding, the Heads of a Branch of a Bank from Another State, the Persons Holding Key Positions and the Liquidator of the Bank in Liquidation Process No 292 of 29.11.2018",https://www.bnm.md/en/content/regulation-requirements-regarding-members-governing-body-bank-financial-holding-company-or,https://www.bnm.md/files/REG_292_EN_02_03_26.pdf,C:\Users\harab\Desktop\BNM_site_inventory\source_files\070__REG_292_EN_02_03_26.pdf,1025797,already_downloaded
legislation,"Regulation on Requirements Regarding the Members of the Governing Body of the Bank, the Financial Holding Company or Mixed Holding, the Heads of a Branch of a Bank from Another State, the Persons Holding Key Positions and the Liquidator of the Bank in Liquidation Process No 292 of 29.11.2018",https://www.bnm.md/en/content/regulation-requirements-regarding-members-governing-body-bank-financial-holding-company-or,https://www.bnm.md/files/REG_292_EN_02_03_26.doc,C:\Users\harab\Desktop\BNM_site_inventory\source_files\071__REG_292_EN_02_03_26.doc,650752,already_downloaded
legislation,"Regulation on requirements for prevention and combating money laundering and terrorism financing in the activity of Foreign Exchange Entities and Hotels No. 201 of 09 August, 2018",https://www.bnm.md/en/content/regulation-requirements-related-prevention-and-combating-money-laundering-and-terrorism,https://www.bnm.md/files/R201-Eng_track changes_rev.pdf,C:\Users\harab\Desktop\BNM_site_inventory\source_files\072__R201-Eng_track changes_rev.pdf,431868,downloaded
legislation,"Regulation on requirements for prevention and combating money laundering and terrorism financing in the activity of Foreign Exchange Entities and Hotels No. 201 of 09 August, 2018",https://www.bnm.md/en/content/regulation-requirements-related-prevention-and-combating-money-laundering-and-terrorism,https://www.bnm.md/files/R201-Eng_track changes_rev.doc,C:\Users\harab\Desktop\BNM_site_inventory\source_files\073__R201-Eng_track changes_rev.doc,56832,downloaded
legislation,"Regulation on requirements for prevention and combating money laundering and terrorist financing in the activity of banks No. 200 of 09 August, 2018",https://www.bnm.md/en/content/regulation-requirements-related-prevention-and-combating-money-laundering-and-terrorist,https://www.bnm.md/files/NBM Regulation No 200_2018.pdf,C:\Users\harab\Desktop\BNM_site_inventory\source_files\074__NBM Regulation No 200_2018.pdf,249205,downloaded
legislation,"Regulation on requirements for prevention and combating money laundering and terrorist financing in the activity of banks No. 200 of 09 August, 2018",https://www.bnm.md/en/content/regulation-requirements-related-prevention-and-combating-money-laundering-and-terrorist,https://www.bnm.md/files/NBM Regulation No 200_2018_1.docx,C:\Users\harab\Desktop\BNM_site_inventory\source_files\075__NBM Regulation No 200_2018_1.docx,63888,downloaded
legislation,"Regulation on requirements related to prevention and combating money laundering and terrorism financing in the activity of non-bank payment services provider No. 202 of 09 August, 2018",https://www.bnm.md/en/content/regulation-requirements-related-prevention-and-combating-money-laundering-and-terrorism-0,https://www.bnm.md/files/NBM Regulation No 202_ 2018.pdf,C:\Users\harab\Desktop\BNM_site_inventory\source_files\076__NBM Regulation No 202_ 2018.pdf,353614,downloaded
legislation,"Regulation on requirements related to prevention and combating money laundering and terrorism financing in the activity of non-bank payment services provider No. 202 of 09 August, 2018",https://www.bnm.md/en/content/regulation-requirements-related-prevention-and-combating-money-laundering-and-terrorism-0,https://www.bnm.md/files/NBM Regulation No 202_ 2018.docx,C:\Users\harab\Desktop\BNM_site_inventory\source_files\077__NBM Regulation No 202_ 2018.docx,63768,downloaded
legislation,"Regulation No. 110/2018 on capital buffers of banks, as amended by the Decision of the Executive Board of the NBM No 3/2025 (in force February 16, 2025)",https://www.bnm.md/en/content/regulation-capital-buffers-banks-approved-dca-nbm-no-110-may-24-2018,https://www.bnm.md/files/HCE_110_2018_Regulamentul_amortizoare de capital_modificat prin HCE 3_2025_ENG.pdf,C:\Users\harab\Desktop\BNM_site_inventory\source_files\078__HCE_110_2018_Regulamentul_amortizoare de capital_modificat prin HCE 3_2025_ENG.pdf,275671,downloaded
legislation,"Regulation No. 110/2018 on capital buffers of banks, as amended by the Decision of the Executive Board of the NBM No 3/2025 (in force February 16, 2025)",https://www.bnm.md/en/content/regulation-capital-buffers-banks-approved-dca-nbm-no-110-may-24-2018,https://www.bnm.md/files/HCE_110_2018_Regulamentul_amortizoare de capital_modificat prin HCE 3_2025_ENG.doc,C:\Users\harab\Desktop\BNM_site_inventory\source_files\079__HCE_110_2018_Regulamentul_amortizoare de capital_modificat prin HCE 3_2025_ENG.doc,163840,downloaded
legislation,"Regulation on Own Funds of Banks and Capital Requirements, approved by the Decision of the Executive Board of the NBM No 109/2018",https://www.bnm.md/en/content/regulation-own-funds-banks-and-capital-requirements-no109-24052018,https://www.bnm.md/files/Regulament Fonduri Proprii nr_109 din 2018 ajustat prin HCE 76_2026 (in vigoare pct_138^1)_ENG (1).pdf,C:\Users\harab\Desktop\BNM_site_inventory\source_files\080__Regulament Fonduri Proprii nr_109 din 2018 ajustat prin HCE 76_2026 (in vigoare pct_138^1)_ENG (1).pdf,501713,downloaded
legislation,"Regulation on Own Funds of Banks and Capital Requirements, approved by the Decision of the Executive Board of the NBM No 109/2018",https://www.bnm.md/en/content/regulation-own-funds-banks-and-capital-requirements-no109-24052018,https://www.bnm.md/files/Regulament Fonduri Proprii nr_109 din 2018 ajustat prin HCE 76_2026 (in vigoare pct_138^1)_ENG (1).docx,C:\Users\harab\Desktop\BNM_site_inventory\source_files\081__Regulament Fonduri Proprii nr_109 din 2018 ajustat prin HCE 76_2026 (in vigoare pct_138^1)_ENG (1).docx,93815,downloaded
legislation,Regulation on credit risk mitigation techniques of banks,https://www.bnm.md/en/content/regulamentul-cu-privire-la-tehnicile-de-diminuare-riscului-de-credit-utilizate-de-banci,https://www.bnm.md/files/HCE_112_13_02_2023_ENG.pdf,C:\Users\harab\Desktop\BNM_site_inventory\source_files\082__HCE_112_13_02_2023_ENG.pdf,562870,already_downloaded
legislation,Regulation on credit risk mitigation techniques of banks,https://www.bnm.md/en/content/regulamentul-cu-privire-la-tehnicile-de-diminuare-riscului-de-credit-utilizate-de-banci,https://www.bnm.md/files/HCE_112_13_02_2023_ENG.doc,C:\Users\harab\Desktop\BNM_site_inventory\source_files\083__HCE_112_13_02_2023_ENG.doc,231936,already_downloaded
legislation,"Regulation on the treatment of counterparty credit risk for banks, no 102 of 16.04.2020",https://www.bnm.md/en/content/regulation-treatment-counterparty-credit-risk-banks-no-102-16042020,https://www.bnm.md/files/Counterparty Regulation.pdf,C:\Users\harab\Desktop\BNM_site_inventory\source_files\084__Counterparty Regulation.pdf,349453,downloaded
legislation,"Regulation on the treatment of counterparty credit risk for banks, no 102 of 16.04.2020",https://www.bnm.md/en/content/regulation-treatment-counterparty-credit-risk-banks-no-102-16042020,https://www.bnm.md/files/Counterparty Regulation.docx,C:\Users\harab\Desktop\BNM_site_inventory\source_files\085__Counterparty Regulation.docx,85141,downloaded
legislation,Regulation on the treatment of banks’ operational risk according to the Basic Indicator Approach and the Standardised Approach,https://www.bnm.md/en/content/regulation-treatment-banks-operational-risk-according-basic-indicator-approach-and,https://www.bnm.md/files/Annexes - 3 Reg risc operational_AG_En dp IScerb.pdf,C:\Users\harab\Desktop\BNM_site_inventory\source_files\087__Annexes - 3 Reg risc operational_AG_En dp IScerb.pdf,143075,downloaded
legislation,Regulation on the treatment of banks’ credit risk using standardised approach,https://www.bnm.md/en/content/regulation-treatment-banks-credit-risk-using-standardised-approach,https://www.bnm.md/files/HCE_111_13_02_2023_EN.pdf,C:\Users\harab\Desktop\BNM_site_inventory\source_files\088__HCE_111_13_02_2023_EN.pdf,733369,already_downloaded
legislation,Regulation on the treatment of banks’ credit risk using standardised approach,https://www.bnm.md/en/content/regulation-treatment-banks-credit-risk-using-standardised-approach,https://www.bnm.md/files/HCE_111_13_02_2023_EN.doc,C:\Users\harab\Desktop\BNM_site_inventory\source_files\089__HCE_111_13_02_2023_EN.doc,300032,already_downloaded
legislation,Regulation on audit of financial statements and audit for other purposes of banks,https://www.bnm.md/en/content/regulation-external-audit-banks,https://www.bnm.md/files/REG 118_EN_13_02_2023.pdf,C:\Users\harab\Desktop\BNM_site_inventory\source_files\090__REG 118_EN_13_02_2023.pdf,604426,downloaded
legislation,Regulation on audit of financial statements and audit for other purposes of banks,https://www.bnm.md/en/content/regulation-external-audit-banks,https://www.bnm.md/files/REG 118_EN_13_02_2023.doc,C:\Users\harab\Desktop\BNM_site_inventory\source_files\091__REG 118_EN_13_02_2023.doc,61952,downloaded
legislation,"Regulation on the calculation of voting rights and registration of the transfer of ownership of bank shares, approved by the DCA of the NBM, no.130 of July 04, 2013",https://www.bnm.md/en/content/regulation-calculation-voting-rights-and-registration-transfer-ownership-bank-shares,https://www.bnm.md/files/Annexes__Reg 130 En WEB.pdf,C:\Users\harab\Desktop\BNM_site_inventory\source_files\092__Annexes__Reg 130 En WEB.pdf,577558,downloaded
legislation,"Regulation on the calculation of voting rights and registration of the transfer of ownership of bank shares, approved by the DCA of the NBM, no.130 of July 04, 2013",https://www.bnm.md/en/content/regulation-calculation-voting-rights-and-registration-transfer-ownership-bank-shares,https://www.bnm.md/files/Annexes__Reg 130 En WEB.doc,C:\Users\harab\Desktop\BNM_site_inventory\source_files\093__Annexes__Reg 130 En WEB.doc,38400,downloaded
legislation,"Regulation on Holdings in Bank Equity, the Administrative Council of the National Bank of Moldova Decision no.127 of 27.06.2013, Official Monitor of the Republic of Moldova, no 198-204, art. 1419 of 13.09.2013",https://www.bnm.md/en/content/regulation-holding-equity-interest-capital-banks-approved-dca-if-nbm-no127-june-27-2013,https://www.bnm.md/files/Reg EN_WEB.pdf,C:\Users\harab\Desktop\BNM_site_inventory\source_files\094__Reg EN_WEB.pdf,1010234,downloaded
legislation,"Regulation on Holdings in Bank Equity, the Administrative Council of the National Bank of Moldova Decision no.127 of 27.06.2013, Official Monitor of the Republic of Moldova, no 198-204, art. 1419 of 13.09.2013",https://www.bnm.md/en/content/regulation-holding-equity-interest-capital-banks-approved-dca-if-nbm-no127-june-27-2013,https://www.bnm.md/files/Reg EN_WEB.doc,C:\Users\harab\Desktop\BNM_site_inventory\source_files\095__Reg EN_WEB.doc,528896,downloaded
legislation,"Regulation on banks open foreign exchange position, approved by the DCA of the no. 126 of November 28, 1997",https://www.bnm.md/en/content/regulation-banks-open-foreign-exchange-position-approved-dca-no-126-november-28-1997,https://www.bnm.md/files/normative_act/annexes_23.pdf,C:\Users\harab\Desktop\BNM_site_inventory\source_files\096__annexes_23.pdf,124135,already_downloaded
legislation,"Regulation on bank’s liquidity, approved by the DCA of the NBM no.28, August 08, 1997",https://www.bnm.md/en/content/regulation-banks-liquidity-approved-dca-nbm-no28-august-08-1997,https://www.bnm.md/files/3 Reg lichid eng.pdf,C:\Users\harab\Desktop\BNM_site_inventory\source_files\097__3 Reg lichid eng.pdf,428737,downloaded
legislation,"Regulation on bank’s liquidity, approved by the DCA of the NBM no.28, August 08, 1997",https://www.bnm.md/en/content/regulation-banks-liquidity-approved-dca-nbm-no28-august-08-1997,https://www.bnm.md/files/3 Reg lichid eng.docx,C:\Users\harab\Desktop\BNM_site_inventory\source_files\098__3 Reg lichid eng.docx,30764,downloaded
legislation,"Regulation on assets and conditional commitments classification, approved by the DCA of the NBM no.231 of October 27, 2011",https://www.bnm.md/en/content/regulation-assets-and-conditional-commitments-classification-approved-dca-nbm-no231-october,https://www.bnm.md/files/reg 231_2011_ l_ eng.pdf,C:\Users\harab\Desktop\BNM_site_inventory\source_files\099__reg 231_2011_ l_ eng.pdf,370392,downloaded
legislation,"Regulation on assets and conditional commitments classification, approved by the DCA of the NBM no.231 of October 27, 2011",https://www.bnm.md/en/content/regulation-assets-and-conditional-commitments-classification-approved-dca-nbm-no231-october,https://www.bnm.md/files/reg 231_2011_ l_ eng.docx,C:\Users\harab\Desktop\BNM_site_inventory\source_files\100__reg 231_2011_ l_ eng.docx,49129,downloaded
legislation,"Regulation on mergers and absorptions of banks in the Republic of Moldova, approved by the DCA of the NBM no.143 of June 2, 2000",https://www.bnm.md/en/content/regulation-mergers-and-absorptions-banks-republic-moldova-approved-dca-nbm-no143-june-2-2000,https://www.bnm.md/files/Annex no 3 - 16_Regulation on mergers and aquisitions.doc,C:\Users\harab\Desktop\BNM_site_inventory\source_files\101__Annex no 3 - 16_Regulation on mergers and aquisitions.doc,58368,downloaded
legislation,"Regulation on mergers and absorptions of banks in the Republic of Moldova, approved by the DCA of the NBM no.143 of June 2, 2000",https://www.bnm.md/en/content/regulation-mergers-and-absorptions-banks-republic-moldova-approved-dca-nbm-no143-june-2-2000,https://www.bnm.md/files/Annex no 3 - 16_Regulation on mergers and aquisitions.pdf,C:\Users\harab\Desktop\BNM_site_inventory\source_files\102__Annex no 3 - 16_Regulation on mergers and aquisitions.pdf,113178,downloaded
legislation,"Regulation on licensing of foreign exchange entities, approved by Decision of the Executive Board of the National Bank of Moldova No 304 of 10 November 2016",https://www.bnm.md/en/content/regulation-licensing-control-and-sanctioning-foreign-exchange-entities-approved-decision-no,https://www.bnm.md/files/2_Reg 304 mod HCE74_ENG_12 11 24_1.pdf,C:\Users\harab\Desktop\BNM_site_inventory\source_files\103__2_Reg 304 mod HCE74_ENG_12 11 24_1.pdf,872625,downloaded
legislation,"Regulation on licensing of foreign exchange entities, approved by Decision of the Executive Board of the National Bank of Moldova No 304 of 10 November 2016",https://www.bnm.md/en/content/regulation-licensing-control-and-sanctioning-foreign-exchange-entities-approved-decision-no,https://www.bnm.md/files/2_Reg 304 mod HCE74_ENG_12 11 24_1.doc,C:\Users\harab\Desktop\BNM_site_inventory\source_files\104__2_Reg 304 mod HCE74_ENG_12 11 24_1.doc,603648,downloaded
legislation,"Regulation on the authorization of certain foreign exchange operations by the National Bank of Moldova, approved by the DCA of the NBM no.51 of March 5, 2009",https://www.bnm.md/en/content/regulation-authorization-certain-foreign-exchange-operations-national-bank-moldova-approved,https://www.bnm.md/files/3_Reg 51 autoriz oper val_eng web.pdf,C:\Users\harab\Desktop\BNM_site_inventory\source_files\105__3_Reg 51 autoriz oper val_eng web.pdf,641079,downloaded
legislation,"Regulation on the authorization of certain foreign exchange operations by the National Bank of Moldova, approved by the DCA of the NBM no.51 of March 5, 2009",https://www.bnm.md/en/content/regulation-authorization-certain-foreign-exchange-operations-national-bank-moldova-approved,https://www.bnm.md/files/3_Reg 51 autoriz oper val_eng web.doc,C:\Users\harab\Desktop\BNM_site_inventory\source_files\106__3_Reg 51 autoriz oper val_eng web.doc,376832,downloaded
legislation,"Regulation on the issuance by the National Bank of Moldova of authorizations to export funds from the Republic of Moldova, approved by DCA of the NBM No.14 of January 22, 2009",https://www.bnm.md/en/content/regulation-issuance-national-bank-moldova-authorizations-export-funds-republic-moldova,https://www.bnm.md/files/normative_act/annex_4.pdf,C:\Users\harab\Desktop\BNM_site_inventory\source_files\107__annex_4.pdf,49080,already_downloaded
legislation,"Regulation on the Activity of Foreign Exchange Entities, approved by the DEB of the NBM no.335 of 1 December 2016",https://www.bnm.md/en/content/regulation-activity-foreign-exchange-entities-approved-approved-eb-decision-no335-december-1,https://www.bnm.md/files/Reg 335 2016 actualiz cf  HCE 162_ENG.pdf,C:\Users\harab\Desktop\BNM_site_inventory\source_files\108__Reg 335 2016 actualiz cf HCE 162_ENG.pdf,686990,downloaded
legislation,"Regulation on the Activity of Foreign Exchange Entities, approved by the DEB of the NBM no.335 of 1 December 2016",https://www.bnm.md/en/content/regulation-activity-foreign-exchange-entities-approved-approved-eb-decision-no335-december-1,https://www.bnm.md/files/Reg 335 2016 actualiz cf  HCE 162_ENG.doc,C:\Users\harab\Desktop\BNM_site_inventory\source_files\109__Reg 335 2016 actualiz cf HCE 162_ENG.doc,273920,downloaded
legislation,"Regulation on residents' accounts abroad, approved by the DCA of the NBM, No. 216 of August 20, 2015",https://www.bnm.md/en/content/regulation-residents-accounts-abroad-approved-dca-nbm-no-216-august-20-2015,https://www.bnm.md/files/6_Reg 216  compilat cf HCE 127_eng_12 12 23_curat.pdf,C:\Users\harab\Desktop\BNM_site_inventory\source_files\110__6_Reg 216 compilat cf HCE 127_eng_12 12 23_curat.pdf,518691,downloaded
legislation,"Regulation on residents' accounts abroad, approved by the DCA of the NBM, No. 216 of August 20, 2015",https://www.bnm.md/en/content/regulation-residents-accounts-abroad-approved-dca-nbm-no-216-august-20-2015,https://www.bnm.md/files/6_Reg 216  compilat cf HCE 127_eng_12 12 23_curat.doc,C:\Users\harab\Desktop\BNM_site_inventory\source_files\111__6_Reg 216 compilat cf HCE 127_eng_12 12 23_curat.doc,202752,downloaded
legislation,"Regulation on Conditions and Procedures for Performing Foreign Exchange Operations, approved by the DEB of the NBM no.29 of February 13, 2018",https://www.bnm.md/en/content/regulation-conditions-and-procedures-performing-foreign-exchange-operations-approved,https://www.bnm.md/files/4_Reg CMEOV nr_29 compilat cf HCE 215 2023 eng.pdf,C:\Users\harab\Desktop\BNM_site_inventory\source_files\112__4_Reg CMEOV nr_29 compilat cf HCE 215 2023 eng.pdf,680755,downloaded
legislation,"Regulation on Conditions and Procedures for Performing Foreign Exchange Operations, approved by the DEB of the NBM no.29 of February 13, 2018",https://www.bnm.md/en/content/regulation-conditions-and-procedures-performing-foreign-exchange-operations-approved,https://www.bnm.md/files/4_Reg CMEOV nr_29 compilat cf HCE 215 2023 eng.doc,C:\Users\harab\Desktop\BNM_site_inventory\source_files\113__4_Reg CMEOV nr_29 compilat cf HCE 215 2023 eng.doc,228352,downloaded
legislation,"Regulation on the procedure of issuing by banks of permissions to export funds from the Republic of Moldova, approved by the DCA of the NBM No. 15 of January 22, 2009",https://www.bnm.md/en/content/regulation-procedure-issuing-banks-permissions-export-funds-republic-moldova-approved-dca,https://www.bnm.md/files/normative_act/anexa_10.pdf,C:\Users\harab\Desktop\BNM_site_inventory\source_files\114__anexa_10.pdf,90059,already_downloaded
legislation,"Regulation on the authorization and notification of connections between central securities depositories, approved by the Decision of the Executive Board of the National Bank of Moldova No 279 of 27 November 2025",https://www.bnm.md/en/content/regulation-authorization-and-notification-connections-between-central-securities,https://www.bnm.md/files/Reg_conexiuni_DCU_eng.pdf,C:\Users\harab\Desktop\BNM_site_inventory\source_files\115__Reg_conexiuni_DCU_eng.pdf,81549,already_downloaded
legislation,"Regulation on the authorization and notification of connections between central securities depositories, approved by the Decision of the Executive Board of the National Bank of Moldova No 279 of 27 November 2025",https://www.bnm.md/en/content/regulation-authorization-and-notification-connections-between-central-securities,https://www.bnm.md/files/Reg_conexiuni_DCU_eng.docx,C:\Users\harab\Desktop\BNM_site_inventory\source_files\116__Reg_conexiuni_DCU_eng.docx,67202,already_downloaded
legislation,"Regulation on Placement, Transaction and Redemption of State Securities in Book-Entry Form, approved by the DEB of the NBM no.170 of July 19, 2018",https://www.bnm.md/en/content/regulament-cu-privire-la-plasarea-tranzactionarea-si-rascumpararea-valorilor-mobiliare-de,https://www.bnm.md/files/Reg VMS _2018_en_ 2021.pdf,C:\Users\harab\Desktop\BNM_site_inventory\source_files\117__Reg VMS _2018_en_ 2021.pdf,636159,downloaded
legislation,"Regulation on Placement, Transaction and Redemption of State Securities in Book-Entry Form, approved by the DEB of the NBM no.170 of July 19, 2018",https://www.bnm.md/en/content/regulament-cu-privire-la-plasarea-tranzactionarea-si-rascumpararea-valorilor-mobiliare-de,https://www.bnm.md/files/Reg VMS _2018_en_ 2021.doc,C:\Users\harab\Desktop\BNM_site_inventory\source_files\118__Reg VMS _2018_en_ 2021.doc,408064,downloaded
legislation,"Regulation on standing facilities and intraday credit facility extended to banks by the National Bank of Moldova, approved by the Decision of the Executive Board of the National Bank of Moldova No 128 of May 28, 2025 (in force as of 03.07.2025)",https://www.bnm.md/en/content/regulation-standing-facilities-and-intraday-credit-facility-extended-banks-national-bank,https://www.bnm.md/files/Reg_facil perm_credit intraday_eng.pdf,C:\Users\harab\Desktop\BNM_site_inventory\source_files\119__Reg_facil perm_credit intraday_eng.pdf,295330,downloaded
legislation,"Regulation on standing facilities and intraday credit facility extended to banks by the National Bank of Moldova, approved by the Decision of the Executive Board of the National Bank of Moldova No 128 of May 28, 2025 (in force as of 03.07.2025)",https://www.bnm.md/en/content/regulation-standing-facilities-and-intraday-credit-facility-extended-banks-national-bank,https://www.bnm.md/files/Reg_facil perm_credit intraday_eng.docx,C:\Users\harab\Desktop\BNM_site_inventory\source_files\120__Reg_facil perm_credit intraday_eng.docx,68465,downloaded
legislation,"Regulation on Emergency Liquidity Assistance, approved by the Decision of the Executive Board of the National Bank of Moldova No 343/2019 (in force on 30 June 2020)",https://www.bnm.md/en/content/regulation-emergency-liquidity-assistance-approved-decision-executive-board-national-bank,https://www.bnm.md/files/Reg ELA HCE 13_eng_1.pdf,C:\Users\harab\Desktop\BNM_site_inventory\source_files\121__Reg ELA HCE 13_eng_1.pdf,1336848,downloaded
legislation,"Regulation on Emergency Liquidity Assistance, approved by the Decision of the Executive Board of the National Bank of Moldova No 343/2019 (in force on 30 June 2020)",https://www.bnm.md/en/content/regulation-emergency-liquidity-assistance-approved-decision-executive-board-national-bank,https://www.bnm.md/files/Reg ELA HCE 13_eng_1.docx,C:\Users\harab\Desktop\BNM_site_inventory\source_files\122__Reg ELA HCE 13_eng_1.docx,222693,downloaded
legislation,"Norms on evaluation of assets accepted by the National Bank of Moldova as collateral for granting loans to banks, approved by the DEB of the NBM no.211 of August 8, 2019",https://www.bnm.md/en/content/norme-cu-privire-la-evaluarea-activelor-acceptate-de-banca-nationala-moldovei-ca-garantii-la,https://www.bnm.md/files/Norme evaluare activ_HCE 112_eng.pdf,C:\Users\harab\Desktop\BNM_site_inventory\source_files\123__Norme evaluare activ_HCE 112_eng.pdf,322369,downloaded
legislation,"Norms on evaluation of assets accepted by the National Bank of Moldova as collateral for granting loans to banks, approved by the DEB of the NBM no.211 of August 8, 2019",https://www.bnm.md/en/content/norme-cu-privire-la-evaluarea-activelor-acceptate-de-banca-nationala-moldovei-ca-garantii-la,https://www.bnm.md/files/Norme evaluare activ_HCE 112_eng.doc,C:\Users\harab\Desktop\BNM_site_inventory\source_files\124__Norme evaluare activ_HCE 112_eng.doc,267264,downloaded
legislation,"Regulation on open market operations of the National Bank of Moldova, approved by the DCA of the NBM, No. 188 of September 25, 2014",https://www.bnm.md/en/content/regulation-open-market-operations-national-bank-moldova-approved-dca-nbm-no-188-september-25,https://www.bnm.md/files/Reg_OPM_ HCE 65_amend_eng.pdf,C:\Users\harab\Desktop\BNM_site_inventory\source_files\125__Reg_OPM_ HCE 65_amend_eng.pdf,453970,downloaded
legislation,"Regulation on open market operations of the National Bank of Moldova, approved by the DCA of the NBM, No. 188 of September 25, 2014",https://www.bnm.md/en/content/regulation-open-market-operations-national-bank-moldova-approved-dca-nbm-no-188-september-25,https://www.bnm.md/files/Reg_OPM_ HCE 65_amend_eng.doc,C:\Users\harab\Desktop\BNM_site_inventory\source_files\126__Reg_OPM_ HCE 65_amend_eng.doc,293376,downloaded
legislation,"Regulation on the Setting of the Official Exchange Rate of Moldovan Leu against Foreign Currencies, DCA of the NBM No.3 of January 15, 2009",https://www.bnm.md/en/content/regulation-setting-official-exchange-rate-moldovan-leu-against-foreign-currencies-dca-nbm,https://www.bnm.md/files/curs oficial_EN-02_01_2026.pdf,C:\Users\harab\Desktop\BNM_site_inventory\source_files\127__curs oficial_EN-02_01_2026.pdf,540012,downloaded
legislation,"Regulation on the Setting of the Official Exchange Rate of Moldovan Leu against Foreign Currencies, DCA of the NBM No.3 of January 15, 2009",https://www.bnm.md/en/content/regulation-setting-official-exchange-rate-moldovan-leu-against-foreign-currencies-dca-nbm,https://www.bnm.md/files/curs oficial_EN-02_01_2026.doc,C:\Users\harab\Desktop\BNM_site_inventory\source_files\128__curs oficial_EN-02_01_2026.doc,165888,downloaded
legislation,"Regulation on operation of the interbank money market in national currency, approved by the DCA of the NBM, no. 222 of November 21, 2013",https://www.bnm.md/en/content/regulation-operation-interbank-money-market-national-currency-approved-dca-nbm-no-222,https://www.bnm.md/files/Reg PMI_HCE 211_eng.pdf,C:\Users\harab\Desktop\BNM_site_inventory\source_files\129__Reg PMI_HCE 211_eng.pdf,156806,downloaded
legislation,"Regulation on operation of the interbank money market in national currency, approved by the DCA of the NBM, no. 222 of November 21, 2013",https://www.bnm.md/en/content/regulation-operation-interbank-money-market-national-currency-approved-dca-nbm-no-222,https://www.bnm.md/files/Reg PMI_HCE 211_eng.doc,C:\Users\harab\Desktop\BNM_site_inventory\source_files\130__Reg PMI_HCE 211_eng.doc,80384,downloaded
legislation,"Regulation on the Required Reserves Regime, approved by the DEB of the NBM no.355 of December 27, 2017",https://www.bnm.md/en/content/regulation-required-reserves-regime-approved-deb-nbm-no355-december-27-2017,https://www.bnm.md/files/Annexes-Reg RO eng ajustat_final (1).doc,C:\Users\harab\Desktop\BNM_site_inventory\source_files\131__Annexes-Reg RO eng ajustat_final (1).doc,460288,downloaded
legislation,"Regulation on the Required Reserves Regime, approved by the DEB of the NBM no.355 of December 27, 2017",https://www.bnm.md/en/content/regulation-required-reserves-regime-approved-deb-nbm-no355-december-27-2017,https://www.bnm.md/files/Annexes-Reg RO eng ajustat_final (1).pdf,C:\Users\harab\Desktop\BNM_site_inventory\source_files\132__Annexes-Reg RO eng ajustat_final (1).pdf,1348557,downloaded
legislation,"Regulation on CHIBOR and CHIBID reference rates, approved by DCA of the NBM no.110 of May 30, 2013",https://www.bnm.md/en/content/regulation-chibor-and-chibid-reference-rates-approved-dca-nbm-no110-may-30-2013,https://www.bnm.md/files/normative_act/annex_1.pdf,C:\Users\harab\Desktop\BNM_site_inventory\source_files\133__annex_1.pdf,67844,already_downloaded
legislation,"Regulation on the performance of transactions on the interbank foreign exchange market of the Republic of Moldova, approved by the DCA of the NBM no.8 of January 24, 2013",https://www.bnm.md/en/content/regulation-performance-transactions-interbank-foreign-exchange-market-republic-moldova,https://www.bnm.md/files/r 8-2013 v engleză.pdf,C:\Users\harab\Desktop\BNM_site_inventory\source_files\134__r 8-2013 v engleză.pdf,466946,downloaded
legislation,"Regulation on the performance of transactions on the interbank foreign exchange market of the Republic of Moldova, approved by the DCA of the NBM no.8 of January 24, 2013",https://www.bnm.md/en/content/regulation-performance-transactions-interbank-foreign-exchange-market-republic-moldova,https://www.bnm.md/files/r 8-2013 v engleză.doc,C:\Users\harab\Desktop\BNM_site_inventory\source_files\135__r 8-2013 v engleză.doc,72192,downloaded
legislation,"Regulation on the supervision of the Single Central Securities Depository, approved by Decision of the Executive Board of the National Bank of Moldova No 69/2026",https://www.bnm.md/en/content/regulation-supervision-single-central-securities-depository-approved-decision-executive,https://www.bnm.md/files/regulation csd eng no 69.pdf,C:\Users\harab\Desktop\BNM_site_inventory\source_files\136__regulation csd eng no 69.pdf,160044,downloaded
legislation,"Regulation on the supervision of the Single Central Securities Depository, approved by Decision of the Executive Board of the National Bank of Moldova No 69/2026",https://www.bnm.md/en/content/regulation-supervision-single-central-securities-depository-approved-decision-executive,https://www.bnm.md/files/regulation csd eng no 69.docx,C:\Users\harab\Desktop\BNM_site_inventory\source_files\137__regulation csd eng no 69.docx,56296,downloaded
legislation,"Regulation on the supervision of non-bank payment service providers, approved by the Decision of the Executive Board of the NBM No. 162 of July 17 2025",https://www.bnm.md/en/content/regulation-supervision-non-bank-payment-service-providers-approved-decision-executive-board,https://www.bnm.md/files/Reg pv supraveghere PSPN_162_Eng.pdf,C:\Users\harab\Desktop\BNM_site_inventory\source_files\138__Reg pv supraveghere PSPN_162_Eng.pdf,204909,downloaded
legislation,"Regulation on the supervision of non-bank payment service providers, approved by the Decision of the Executive Board of the NBM No. 162 of July 17 2025",https://www.bnm.md/en/content/regulation-supervision-non-bank-payment-service-providers-approved-decision-executive-board,https://www.bnm.md/files/Reg pv supraveghere PSPN_162_Eng.docx,C:\Users\harab\Desktop\BNM_site_inventory\source_files\139__Reg pv supraveghere PSPN_162_Eng.docx,78658,downloaded
legislation,"Regulation on the audit of non-bank payment service providers, approved by the Decision of the Executive Board of the NBM No 267 of October 31 2024 (in force from 7. 11. 2024)",https://www.bnm.md/en/content/regulation-audit-non-bank-payment-service-providers-approved-decision-executive-board-nbm-no,https://www.bnm.md/files/Reg_audit_PSP_267_31_10_2024_eng_1.pdf,C:\Users\harab\Desktop\BNM_site_inventory\source_files\140__Reg_audit_PSP_267_31_10_2024_eng_1.pdf,1785795,already_downloaded
legislation,"Regulation on the audit of non-bank payment service providers, approved by the Decision of the Executive Board of the NBM No 267 of October 31 2024 (in force from 7. 11. 2024)",https://www.bnm.md/en/content/regulation-audit-non-bank-payment-service-providers-approved-decision-executive-board-nbm-no,https://www.bnm.md/files/Reg_audit_PSP_267_31_10_2024_eng_1.docx,C:\Users\harab\Desktop\BNM_site_inventory\source_files\141__Reg_audit_PSP_267_31_10_2024_eng_1.docx,39753,already_downloaded
legislation,"Regulation on strong customer authentication and open, common, and secure standard of communication between payment service providers, aprooved by the Decision of the EB of the NBM No 12 of 11.01.2024",https://www.bnm.md/en/content/regulation-strong-customer-authentication-and-open-common-and-secure-standard-0,https://www.bnm.md/files/Regulament nr_12 din 11_01_2024_ENG_2.pdf,C:\Users\harab\Desktop\BNM_site_inventory\source_files\142__Regulament nr_12 din 11_01_2024_ENG_2.pdf,218327,downloaded
legislation,"Regulation on strong customer authentication and open, common, and secure standard of communication between payment service providers, aprooved by the Decision of the EB of the NBM No 12 of 11.01.2024",https://www.bnm.md/en/content/regulation-strong-customer-authentication-and-open-common-and-secure-standard-0,https://www.bnm.md/files/Regulament nr_12 din 11_01_2024_ENG_1.docx,C:\Users\harab\Desktop\BNM_site_inventory\source_files\143__Regulament nr_12 din 11_01_2024_ENG_1.docx,102850,downloaded
legislation,Regulation on the notification of activities referred to in Art. 2 para. (2) item 11) lett. a) and b) of Law No. 114/2012 on payment services and electronic money,https://www.bnm.md/en/content/regulation-notification-activities-referred-art-2-para-2-item-11-lett-and-b-law-no-1142012,https://www.bnm.md/files/Reg_ notificare activitate_ENG.pdf,C:\Users\harab\Desktop\BNM_site_inventory\source_files\144__Reg_ notificare activitate_ENG.pdf,79228,downloaded
legislation,Regulation on the notification of activities referred to in Art. 2 para. (2) item 11) lett. a) and b) of Law No. 114/2012 on payment services and electronic money,https://www.bnm.md/en/content/regulation-notification-activities-referred-art-2-para-2-item-11-lett-and-b-law-no-1142012,https://www.bnm.md/files/Reg_ notificare activitate_ENG (1).docx,C:\Users\harab\Desktop\BNM_site_inventory\source_files\145__Reg_ notificare activitate_ENG (1).docx,38761,downloaded
legislation,"Regulation on the Automated Domestic Payments System, approved by the Decision of the Executive Board of the NBM No 179 of 27 June 2019",https://www.bnm.md/en/content/regulation-automated-domestic-payments-system-approved-decision-executive-board-nbm-no-179,https://www.bnm.md/files/Reg_ SAPI_ENG (1).pdf,C:\Users\harab\Desktop\BNM_site_inventory\source_files\146__Reg_ SAPI_ENG (1).pdf,6355128,downloaded
legislation,"Regulation on the Automated Domestic Payments System, approved by the Decision of the Executive Board of the NBM No 179 of 27 June 2019",https://www.bnm.md/en/content/regulation-automated-domestic-payments-system-approved-decision-executive-board-nbm-no-179,https://www.bnm.md/files/Reg_ SAPI_ENG (1).docx,C:\Users\harab\Desktop\BNM_site_inventory\source_files\147__Reg_ SAPI_ENG (1).docx,77165,downloaded
legislation,"Regulation on licencing and registration of payment institutions, electronic money institutions and postal service providers acting as payment service providers and/or electronic money issuers, approved by the Decision of the Executive Board of the NBM No 11 of 11 January 2024",https://www.bnm.md/en/content/regulation-licencing-and-registration-payment-institutions-electronic-money-institutions-and,https://www.bnm.md/files/Reg_ licentiere nr_11_2024_ENG.pdf,C:\Users\harab\Desktop\BNM_site_inventory\source_files\148__Reg_ licentiere nr_11_2024_ENG.pdf,489588,downloaded
legislation,"Regulation on licencing and registration of payment institutions, electronic money institutions and postal service providers acting as payment service providers and/or electronic money issuers, approved by the Decision of the Executive Board of the NBM No 11 of 11 January 2024",https://www.bnm.md/en/content/regulation-licencing-and-registration-payment-institutions-electronic-money-institutions-and,https://www.bnm.md/files/Reg_ licentiere nr_11_2024_ENG.docx,C:\Users\harab\Desktop\BNM_site_inventory\source_files\149__Reg_ licentiere nr_11_2024_ENG.docx,115248,downloaded
legislation,"Regulation on the activity of non-bank payment service providers, approved by the Decision of the Executive Board of the NBM No 10 of 11 January 2024",https://www.bnm.md/en/content/regulation-activity-non-bank-payment-service-providers-approved-decision-executive-board-0,https://www.bnm.md/files/Reg activit_en.pdf,C:\Users\harab\Desktop\BNM_site_inventory\source_files\150__Reg activit_en.pdf,8105968,downloaded
legislation,"Regulation on the activity of non-bank payment service providers, approved by the Decision of the Executive Board of the NBM No 10 of 11 January 2024",https://www.bnm.md/en/content/regulation-activity-non-bank-payment-service-providers-approved-decision-executive-board-0,https://www.bnm.md/files/Reg activit_en.docx,C:\Users\harab\Desktop\BNM_site_inventory\source_files\151__Reg activit_en.docx,106820,downloaded
legislation,"Regulation on strong customer authentication and open, common, and secure standard of communication between payment service providers, No 12 of 11.01.2024",https://www.bnm.md/en/content/regulation-strong-customer-authentication-and-open-common-and-secure-standard-communication,https://www.bnm.md/files/Regulament nr_12 din 11_01_2024_ENG_1.pdf,C:\Users\harab\Desktop\BNM_site_inventory\source_files\152__Regulament nr_12 din 11_01_2024_ENG_1.pdf,218302,downloaded
legislation,"Regulation on strong customer authentication and open, common, and secure standard of communication between payment service providers, No 12 of 11.01.2024",https://www.bnm.md/en/content/regulation-strong-customer-authentication-and-open-common-and-secure-standard-communication,https://www.bnm.md/files/Regulament nr_12 din 11_01_2024_ENG.docx,C:\Users\harab\Desktop\BNM_site_inventory\source_files\153__Regulament nr_12 din 11_01_2024_ENG.docx,103099,downloaded
legislation,Regulation on holdings in non-bank payment service providers No. 9 from 11.01.2024,https://www.bnm.md/en/content/regulation-holdings-non-bank-payment-service-providers-no-9-11012024,https://www.bnm.md/files/Regulament participatiuni_EN.pdf,C:\Users\harab\Desktop\BNM_site_inventory\source_files\154__Regulament participatiuni_EN.pdf,429024,downloaded
legislation,Regulation on holdings in non-bank payment service providers No. 9 from 11.01.2024,https://www.bnm.md/en/content/regulation-holdings-non-bank-payment-service-providers-no-9-11012024,https://www.bnm.md/files/Regulament participatiuni_EN.docx,C:\Users\harab\Desktop\BNM_site_inventory\source_files\155__Regulament participatiuni_EN.docx,100259,downloaded
legislation,"Regulation on credit transfer, direct debiting, and the assignment of IBAN codes, approved by the Decision of the Executive Board of the NBM no.108 of 08 June, 2023",https://www.bnm.md/en/content/regulamentul-cu-privire-la-transferul-de-credit-debitarea-directa-si-atribuirea-codurilor,https://www.bnm.md/files/Reg_TrCrDDSEPA+IBAN_eng_1.pdf,C:\Users\harab\Desktop\BNM_site_inventory\source_files\156__Reg_TrCrDDSEPA+IBAN_eng_1.pdf,5435003,already_downloaded
legislation,"Regulation on credit transfer, direct debiting, and the assignment of IBAN codes, approved by the Decision of the Executive Board of the NBM no.108 of 08 June, 2023",https://www.bnm.md/en/content/regulamentul-cu-privire-la-transferul-de-credit-debitarea-directa-si-atribuirea-codurilor,https://www.bnm.md/files/Reg_TrCrDDSEPA+IBAN_eng_1.docx,C:\Users\harab\Desktop\BNM_site_inventory\source_files\157__Reg_TrCrDDSEPA+IBAN_eng_1.docx,77183,already_downloaded
legislation,"Regulation regarding on-site inspections for non-bank payment service providers and the criteria for applying remedies and sanctions, approved by the Decision of the Executive Board of the NBM, No. 326 of December 11, 2019",https://www.bnm.md/en/content/regulation-regarding-site-inspections-non-bank-payment-service-providers-and-criteria,https://www.bnm.md/files/Reg_inspections non-bank PSP.pdf,C:\Users\harab\Desktop\BNM_site_inventory\source_files\158__Reg_inspections non-bank PSP.pdf,3166921,downloaded
legislation,"Regulation regarding on-site inspections for non-bank payment service providers and the criteria for applying remedies and sanctions, approved by the Decision of the Executive Board of the NBM, No. 326 of December 11, 2019",https://www.bnm.md/en/content/regulation-regarding-site-inspections-non-bank-payment-service-providers-and-criteria,https://www.bnm.md/files/Reg_inspections non-bank PSP.doc,C:\Users\harab\Desktop\BNM_site_inventory\source_files\159__Reg_inspections non-bank PSP.doc,124416,downloaded
legislation,"Regulation on the credit activity of non-bank payment service providers, approved by the Decision of the Executive Board of the NBM no.158 of 5 June 2019",https://www.bnm.md/en/content/regulation-credit-activity-non-bank-payment-service-providers-approved-decision-executive,https://www.bnm.md/files/Regulament creditare_eng_1.pdf,C:\Users\harab\Desktop\BNM_site_inventory\source_files\160__Regulament creditare_eng_1.pdf,2542361,downloaded
legislation,"Regulation on the credit activity of non-bank payment service providers, approved by the Decision of the Executive Board of the NBM no.158 of 5 June 2019",https://www.bnm.md/en/content/regulation-credit-activity-non-bank-payment-service-providers-approved-decision-executive,https://www.bnm.md/files/Regulament creditare_eng_1.doc,C:\Users\harab\Desktop\BNM_site_inventory\source_files\161__Regulament creditare_eng_1.doc,129536,downloaded
legislation,"Regulation on the conditions for granting, suspending and withdrawing the rights of participation in the Central Securities Depository, approved by the Decision of the Executive Board of the NBM no.159 of 11 July 2018",https://www.bnm.md/en/content/regulation-conditions-granting-suspending-and-withdrawing-rights-participation-central,https://www.bnm.md/files/6_3_1 HCE_AjustRegParticipantDCU_ENG _new.pdf,C:\Users\harab\Desktop\BNM_site_inventory\source_files\162__6_3_1 HCE_AjustRegParticipantDCU_ENG _new.pdf,1626545,downloaded
legislation,"Regulation on the conditions for granting, suspending and withdrawing the rights of participation in the Central Securities Depository, approved by the Decision of the Executive Board of the NBM no.159 of 11 July 2018",https://www.bnm.md/en/content/regulation-conditions-granting-suspending-and-withdrawing-rights-participation-central,https://www.bnm.md/files/6_3 HCE_AjustRegParticipantDCU_ENG _new.docx,C:\Users\harab\Desktop\BNM_site_inventory\source_files\163__6_3 HCE_AjustRegParticipantDCU_ENG _new.docx,55752,downloaded
legislation,Decision NBM no 210/2025 for the approval of the Regulation on the conduct of simultaneous activities by insurance undertakings,https://www.bnm.md/en/content/decision-nbm-no-2102025-approval-regulation-conduct-simultaneous-activities-insurance,https://www.bnm.md/files/Regulation no_210_2025 on the conduct of simultaneous activities by insurance undertakings.pdf,C:\Users\harab\Desktop\BNM_site_inventory\source_files\164__Regulation no_210_2025 on the conduct of simultaneous activities by insurance undertakings.pdf,251586,downloaded
legislation,Decision NBM no 210/2025 for the approval of the Regulation on the conduct of simultaneous activities by insurance undertakings,https://www.bnm.md/en/content/decision-nbm-no-2102025-approval-regulation-conduct-simultaneous-activities-insurance,https://www.bnm.md/files/Regulation no_210_2025 on the conduct of simultaneous activities by insurance undertakings.docx,C:\Users\harab\Desktop\BNM_site_inventory\source_files\165__Regulation no_210_2025 on the conduct of simultaneous activities by insurance undertakings.docx,57400,downloaded
legislation,Decision No. 124 of 28.05.2025 for the approval of the Regulation on the preparation and publication of the Solvency and Financial Condition Report by insurance or reinsurance undertakings,https://www.bnm.md/en/content/hotararea-bnm-nr-124-din-28-05-2025-pentru-aprobarea-regulamentului-cu-privire-la-intocmirea,https://www.bnm.md/files/Regulation on SFCR no_124 of 28_05_2025 (engl) (1).pdf,C:\Users\harab\Desktop\BNM_site_inventory\source_files\166__Regulation on SFCR no_124 of 28_05_2025 (engl) (1).pdf,163444,downloaded
legislation,Decision No. 124 of 28.05.2025 for the approval of the Regulation on the preparation and publication of the Solvency and Financial Condition Report by insurance or reinsurance undertakings,https://www.bnm.md/en/content/hotararea-bnm-nr-124-din-28-05-2025-pentru-aprobarea-regulamentului-cu-privire-la-intocmirea,https://www.bnm.md/files/Regulation on SFCR no_124 of 28_05_2025 (engl) (1).docx,C:\Users\harab\Desktop\BNM_site_inventory\source_files\167__Regulation on SFCR no_124 of 28_05_2025 (engl) (1).docx,45579,downloaded
legislation,"Decision on the approval of the Regulation on own funds, the valuation of assets and liabilities, assets eligible to cover technical provisions and the minimum capital requirement, solvency and liquidity of the insurance or reinsurance undertaking and the amendment of certain normative acts (prudential/financial stability indicators in the insurance sector) No 328 of 19.12.2024",https://www.bnm.md/en/content/decision-approval-regulation-own-funds-valuation-assets-and-liabilities-assets-eligible,https://www.bnm.md/files/Decision of the NBM on the approval of the Regulation on own funds No 328_2024 (ENG).pdf,C:\Users\harab\Desktop\BNM_site_inventory\source_files\168__Decision of the NBM on the approval of the Regulation on own funds No 328_2024 (ENG).pdf,1461007,downloaded
legislation,"Decision on the approval of the Regulation on own funds, the valuation of assets and liabilities, assets eligible to cover technical provisions and the minimum capital requirement, solvency and liquidity of the insurance or reinsurance undertaking and the amendment of certain normative acts (prudential/financial stability indicators in the insurance sector) No 328 of 19.12.2024",https://www.bnm.md/en/content/decision-approval-regulation-own-funds-valuation-assets-and-liabilities-assets-eligible,https://www.bnm.md/files/Decision of the NBM on the approval of the Regulation on own funds No 328_2024 (ENG).docx,C:\Users\harab\Desktop\BNM_site_inventory\source_files\169__Decision of the NBM on the approval of the Regulation on own funds No 328_2024 (ENG).docx,366860,downloaded
legislation,"Regulation on the licensing of the insurance and/or reinsurance broker, approved by the Decision of the National Commission for Financial Markets No 34/15/2023",https://www.bnm.md/en/content/regulation-licensing-insurance-andor-reinsurance-broker-approved-decision-national,https://www.bnm.md/files/Reg_licensing_broker_34-15-2023(EN).pdf,C:\Users\harab\Desktop\BNM_site_inventory\source_files\170__Reg_licensing_broker_34-15-2023(EN).pdf,224070,already_downloaded
legislation,"Regulation on the licensing of the insurance and/or reinsurance broker, approved by the Decision of the National Commission for Financial Markets No 34/15/2023",https://www.bnm.md/en/content/regulation-licensing-insurance-andor-reinsurance-broker-approved-decision-national,https://www.bnm.md/files/Reg_licensing_broker_34-15-2023(EN) (1).docx,C:\Users\harab\Desktop\BNM_site_inventory\source_files\171__Reg_licensing_broker_34-15-2023(EN) (1).docx,100519,downloaded
legislation,"Regulation on the registration/licensing of insurance or reinsurance undertakings and branches of insurance or reinsurance undertakings in third countries, approved by the Decision of the National Commission for Financial Markets No 31/1 of 15.06.2023",https://www.bnm.md/en/content/regulation-registrationlicensing-insurance-or-reinsurance-undertakings-and-branches,https://www.bnm.md/files/Reg_ reg-lic_insurance 31-1-2023(EN).pdf,C:\Users\harab\Desktop\BNM_site_inventory\source_files\172__Reg_ reg-lic_insurance 31-1-2023(EN).pdf,329187,downloaded
legislation,"Regulation on the registration/licensing of insurance or reinsurance undertakings and branches of insurance or reinsurance undertakings in third countries, approved by the Decision of the National Commission for Financial Markets No 31/1 of 15.06.2023",https://www.bnm.md/en/content/regulation-registrationlicensing-insurance-or-reinsurance-undertakings-and-branches,https://www.bnm.md/files/Reg_ reg-lic_insurance 31-1-2023(EN).docx,C:\Users\harab\Desktop\BNM_site_inventory\source_files\173__Reg_ reg-lic_insurance 31-1-2023(EN).docx,144464,downloaded
legislation,"Regulation on the system of governance of insurance or reinsurance undertakings, approved by the Decision of the Executive Board of the NBM No 241/2024",https://www.bnm.md/en/content/regulation-system-governance-insurance-or-reinsurance-undertakings-approved-decision,https://www.bnm.md/files/Insurance governance reg_241-24.pdf,C:\Users\harab\Desktop\BNM_site_inventory\source_files\174__Insurance governance reg_241-24.pdf,227061,downloaded
legislation,"Regulation on the system of governance of insurance or reinsurance undertakings, approved by the Decision of the Executive Board of the NBM No 241/2024",https://www.bnm.md/en/content/regulation-system-governance-insurance-or-reinsurance-undertakings-approved-decision,https://www.bnm.md/files/Insurance governance reg_241-24.docx,C:\Users\harab\Desktop\BNM_site_inventory\source_files\175__Insurance governance reg_241-24.docx,89341,downloaded
legislation,"Regulation on the internal assessment of own risks and solvency of insurance or reinsurance undertakings and the requirements for carrying out tests for the assessment of the ability to maintain financial stability,approved by the Decision of the Executive Board of the NBM No 243/2024",https://www.bnm.md/en/content/regulation-internal-assessment-own-risks-and-solvency-insurance-or-reinsurance-undertakings,https://www.bnm.md/files/ORSA_insurance reg_243-2024.pdf,C:\Users\harab\Desktop\BNM_site_inventory\source_files\176__ORSA_insurance reg_243-2024.pdf,155145,downloaded
legislation,"Regulation on the internal assessment of own risks and solvency of insurance or reinsurance undertakings and the requirements for carrying out tests for the assessment of the ability to maintain financial stability,approved by the Decision of the Executive Board of the NBM No 243/2024",https://www.bnm.md/en/content/regulation-internal-assessment-own-risks-and-solvency-insurance-or-reinsurance-undertakings,https://www.bnm.md/files/ORSA_insurance reg_243-2024.docx,C:\Users\harab\Desktop\BNM_site_inventory\source_files\177__ORSA_insurance reg_243-2024.docx,54612,downloaded
legislation,"Regulation on the outsourcing of functions and activities related to insurance or reinsurance activity by insurance or reinsurance undertakings, approved by the Decision of the Executive Board of the NBM No 242/2024",https://www.bnm.md/en/content/regulation-outsourcing-functions-and-activities-related-insurance-or-reinsurance-activity,https://www.bnm.md/files/Insurance outsourcing reg_242-2024.pdf,C:\Users\harab\Desktop\BNM_site_inventory\source_files\178__Insurance outsourcing reg_242-2024.pdf,167538,downloaded
legislation,"Regulation on the outsourcing of functions and activities related to insurance or reinsurance activity by insurance or reinsurance undertakings, approved by the Decision of the Executive Board of the NBM No 242/2024",https://www.bnm.md/en/content/regulation-outsourcing-functions-and-activities-related-insurance-or-reinsurance-activity,https://www.bnm.md/files/Insurance outsourcing reg_242-2024.docx,C:\Users\harab\Desktop\BNM_site_inventory\source_files\179__Insurance outsourcing reg_242-2024.docx,55103,downloaded
legislation,"Regulation on the audit of insurance and reinsurance undertakings, approved by the Decision of the Executive Board of the NBM No 71 of 29.02.2024 (in force as of 14.03.2024)",https://www.bnm.md/en/content/regulation-audit-insurance-and-reinsurance-undertakings-approved-decision-executive-board,https://www.bnm.md/files/Regulation on Audit (insurance)  No 71(29_02_2024).pdf,C:\Users\harab\Desktop\BNM_site_inventory\source_files\180__Regulation on Audit (insurance) No 71(29_02_2024).pdf,201840,downloaded
legislation,"Regulation on the audit of insurance and reinsurance undertakings, approved by the Decision of the Executive Board of the NBM No 71 of 29.02.2024 (in force as of 14.03.2024)",https://www.bnm.md/en/content/regulation-audit-insurance-and-reinsurance-undertakings-approved-decision-executive-board,https://www.bnm.md/files/Regulation on Audit (insurance)  No 71(29_02_2024).docx,C:\Users\harab\Desktop\BNM_site_inventory\source_files\181__Regulation on Audit (insurance) No 71(29_02_2024).docx,48806,downloaded
legislation,"Regulation on the time limits, procedure, and methods for issuing approvals regarding transactions, requirements for keeping the Register of guarantees, commitments, and other obligations of the insurer or reinsurer No 30/8 of 13.06.2023 (in force as of 27.06.2023), Official Monitor of the Republic of Moldova No 216-219 Article 619 of 27.06.2023",https://www.bnm.md/en/content/regulation-time-limits-procedure-and-methods-issuing-approvals-regarding-transactions,"https://www.bnm.md/files/Regulation on the time limits, procedure, and methods for issuing approvals regarding transactions 13_06_2023.pdf","C:\Users\harab\Desktop\BNM_site_inventory\source_files\182__Regulation on the time limits, procedure, and methods for issuing approvals regarding transactions 13_06_2023.pdf",817596,downloaded
legislation,"Regulation on the time limits, procedure, and methods for issuing approvals regarding transactions, requirements for keeping the Register of guarantees, commitments, and other obligations of the insurer or reinsurer No 30/8 of 13.06.2023 (in force as of 27.06.2023), Official Monitor of the Republic of Moldova No 216-219 Article 619 of 27.06.2023",https://www.bnm.md/en/content/regulation-time-limits-procedure-and-methods-issuing-approvals-regarding-transactions,"https://www.bnm.md/files/Regulation on the time limits, procedure, and methods for issuing approvals regarding transactions 13_06_2023.docx","C:\Users\harab\Desktop\BNM_site_inventory\source_files\183__Regulation on the time limits, procedure, and methods for issuing approvals regarding transactions 13_06_2023.docx",48980,downloaded
legislation,Regulation on specialised financial statements of insurance or reinsurance undertakings No 30/13 of 13.06.2023 (in force 27.06.2023) Official Monitor of the Republic of Moldova No 216-219 Article 622 of 27.06.2023,https://www.bnm.md/en/content/regulation-specialised-financial-statements-insurance-or-reinsurance-undertakings-no-3013,https://www.bnm.md/files/Regulation on specialised financial statements of insurance or reinsurance undertakings is hereby approved 13_06_2023.pdf,C:\Users\harab\Desktop\BNM_site_inventory\source_files\184__Regulation on specialised financial statements of insurance or reinsurance undertakings is hereby approved 13_06_2023.pdf,1146355,downloaded
legislation,Regulation on specialised financial statements of insurance or reinsurance undertakings No 30/13 of 13.06.2023 (in force 27.06.2023) Official Monitor of the Republic of Moldova No 216-219 Article 622 of 27.06.2023,https://www.bnm.md/en/content/regulation-specialised-financial-statements-insurance-or-reinsurance-undertakings-no-3013,https://www.bnm.md/files/Regulation on specialised financial statements of insurance or reinsurance undertakings is hereby approved 13_06_2023.docx,C:\Users\harab\Desktop\BNM_site_inventory\source_files\185__Regulation on specialised financial statements of insurance or reinsurance undertakings is hereby approved 13_06_2023.docx,158814,downloaded
legislation,"Regulation on the Requirements for the Insurer’s Reinsurance Programme, Rules for Contracting Reinsurance, and Provisions for Approving the Insurer’s Own Retention Level No 30/12 of 13.06.2023 (in force as of 27.06.2023) Official Monitor of the Republic of Moldova No 216-219 Article 621 of 27.06.2023",https://www.bnm.md/en/content/regulation-requirements-insurers-reinsurance-programme-rules-contracting-reinsurance-and,"https://www.bnm.md/files/Regulation on the Requirements for the Insurer’s Reinsurance Programme, Rules for Contracting Reinsurance 13_06_2023.pdf","C:\Users\harab\Desktop\BNM_site_inventory\source_files\186__Regulation on the Requirements for the Insurer’s Reinsurance Programme, Rules for Contracting Reinsurance 13_06_2023.pdf",887924,downloaded
legislation,"Regulation on the Requirements for the Insurer’s Reinsurance Programme, Rules for Contracting Reinsurance, and Provisions for Approving the Insurer’s Own Retention Level No 30/12 of 13.06.2023 (in force as of 27.06.2023) Official Monitor of the Republic of Moldova No 216-219 Article 621 of 27.06.2023",https://www.bnm.md/en/content/regulation-requirements-insurers-reinsurance-programme-rules-contracting-reinsurance-and,"https://www.bnm.md/files/Regulation on the Requirements for the Insurer’s Reinsurance Programme, Rules for Contracting Reinsurance 13_06_2023.docx","C:\Users\harab\Desktop\BNM_site_inventory\source_files\187__Regulation on the Requirements for the Insurer’s Reinsurance Programme, Rules for Contracting Reinsurance 13_06_2023.docx",45311,downloaded
legislation,"Methodology for Calculating and Applying Base Insurance Premiums and the Corresponding Adjustment Coefficients for Compulsory Internal and External Motor Vehicles Liability Insurance No 31/2 of 16 June 2023 (in force as of 27.06.2023), Official Monitor of the Republic of Moldova No 216-219 Article 623 of 27 June 2023",https://www.bnm.md/en/content/methodology-calculating-and-applying-base-insurance-premiums-and-corresponding-adjustment,https://www.bnm.md/files/Methodology for Calculating and Applying Base Insurance Premiums and the Corresponding Adjustment Coefficients 16_06_2023.pdf,C:\Users\harab\Desktop\BNM_site_inventory\source_files\188__Methodology for Calculating and Applying Base Insurance Premiums and the Corresponding Adjustment Coefficients 16_06_2023.pdf,3652488,downloaded
legislation,"Methodology for Calculating and Applying Base Insurance Premiums and the Corresponding Adjustment Coefficients for Compulsory Internal and External Motor Vehicles Liability Insurance No 31/2 of 16 June 2023 (in force as of 27.06.2023), Official Monitor of the Republic of Moldova No 216-219 Article 623 of 27 June 2023",https://www.bnm.md/en/content/methodology-calculating-and-applying-base-insurance-premiums-and-corresponding-adjustment,https://www.bnm.md/files/Methodology for Calculating and Applying Base Insurance Premiums and the Corresponding Adjustment Coefficients 16_06_2023.docx,C:\Users\harab\Desktop\BNM_site_inventory\source_files\189__Methodology for Calculating and Applying Base Insurance Premiums and the Corresponding Adjustment Coefficients 16_06_2023.docx,149734,downloaded
legislation,"Regulation on the Requirements Regarding the Persons Holding Responsible Position, the Members of the Audit Committee, the Persons Holding Key Positions within the Insurer or Reinsurer, the Heads of the Branch of an Insurer or Reinsurer of a Third State and the Liquidator of the Insurer or Reinsurer in winding up process, No 26/2 of 23.05.2023, (in force as of 22.06.2023), Official Monitor of the Republic of Moldova No 208-209, Article 598 of 22.06.2023",https://www.bnm.md/en/content/regulation-requirements-regarding-persons-holding-responsible-position-members-audit,https://www.bnm.md/files/Decision No_ 262 of 23_05_2023 on the approval of the Regulation on the Requirements Regarding the Persons Holding Management Positions.pdf,C:\Users\harab\Desktop\BNM_site_inventory\source_files\190__Decision No_ 262 of 23_05_2023 on the approval of the Regulation on the Requirements Regarding the Persons Holding Management Posi,1057457,downloaded
legislation,"Regulation on the Requirements Regarding the Persons Holding Responsible Position, the Members of the Audit Committee, the Persons Holding Key Positions within the Insurer or Reinsurer, the Heads of the Branch of an Insurer or Reinsurer of a Third State and the Liquidator of the Insurer or Reinsurer in winding up process, No 26/2 of 23.05.2023, (in force as of 22.06.2023), Official Monitor of the Republic of Moldova No 208-209, Article 598 of 22.06.2023",https://www.bnm.md/en/content/regulation-requirements-regarding-persons-holding-responsible-position-members-audit,https://www.bnm.md/files/Decision No_ 262 of 23_05_2023 on the approval of the Regulation on the Requirements Regarding the Persons Holding Management Positions.docx,C:\Users\harab\Desktop\BNM_site_inventory\source_files\191__Decision No_ 262 of 23_05_2023 on the approval of the Regulation on the Requirements Regarding the Persons Holding Management Posi,145035,downloaded
legislation,"Regulation on insurance technical provisions, No 30/10 of 13.06.2023 (in force 23.06.2023), Official Monitor of the Republic of Moldova No 210-212 Article 605 of 23.06.2023",https://www.bnm.md/en/content/regulation-insurance-technical-provisions-no-3010-13062023-force-23062023-official-monitor,"https://www.bnm.md/files/Regulation on insurance technical provisions, of 13_06_2023.pdf","C:\Users\harab\Desktop\BNM_site_inventory\source_files\192__Regulation on insurance technical provisions, of 13_06_2023.pdf",725989,downloaded
legislation,"Regulation on insurance technical provisions, No 30/10 of 13.06.2023 (in force 23.06.2023), Official Monitor of the Republic of Moldova No 210-212 Article 605 of 23.06.2023",https://www.bnm.md/en/content/regulation-insurance-technical-provisions-no-3010-13062023-force-23062023-official-monitor,"https://www.bnm.md/files/Regulation on insurance technical provisions, of 13_06_2023.docx","C:\Users\harab\Desktop\BNM_site_inventory\source_files\193__Regulation on insurance technical provisions, of 13_06_2023.docx",87920,downloaded
legislation,Regulation on qualifying holdings in the share capital of insurance or reinsurance undertakings No 22/3 of 02.05.2023 (in force 30.05.2023) (Official Monitor of the Republic of Moldova No 179-181 Article 520 of 30.05.2023),https://www.bnm.md/en/content/regulation-qualifying-holdings-share-capital-insurance-or-reinsurance-undertakings-no-223,https://www.bnm.md/files/Regulation on qualifying holdings in the share capital of insurance or reinsurance undertakings  02_05_2023.pdf,C:\Users\harab\Desktop\BNM_site_inventory\source_files\194__Regulation on qualifying holdings in the share capital of insurance or reinsurance undertakings 02_05_2023.pdf,913341,downloaded
legislation,Regulation on qualifying holdings in the share capital of insurance or reinsurance undertakings No 22/3 of 02.05.2023 (in force 30.05.2023) (Official Monitor of the Republic of Moldova No 179-181 Article 520 of 30.05.2023),https://www.bnm.md/en/content/regulation-qualifying-holdings-share-capital-insurance-or-reinsurance-undertakings-no-223,https://www.bnm.md/files/Regulation on qualifying holdings in the share capital of insurance or reinsurance undertakings  02_05_2023.docx,C:\Users\harab\Desktop\BNM_site_inventory\source_files\195__Regulation on qualifying holdings in the share capital of insurance or reinsurance undertakings 02_05_2023.docx,130346,downloaded
legislation,Decision on the approval of the financial prudential rules for savings and credit associations No 17/8 of 30 April 2008,https://www.bnm.md/en/content/decision-approval-financial-prudential-rules-savings-and-credit-associations-no-178-30-april,https://www.bnm.md/files/Financial Prudential Rules for SLA No_17-8-2008.pdf,C:\Users\harab\Desktop\BNM_site_inventory\source_files\196__Financial Prudential Rules for SLA No_17-8-2008.pdf,218142,downloaded
legislation,Decision on the approval of the financial prudential rules for savings and credit associations No 17/8 of 30 April 2008,https://www.bnm.md/en/content/decision-approval-financial-prudential-rules-savings-and-credit-associations-no-178-30-april,https://www.bnm.md/files/Financial Prudential Rules for SLA No_17-8-2008.docx,C:\Users\harab\Desktop\BNM_site_inventory\source_files\197__Financial Prudential Rules for SLA No_17-8-2008.docx,50694,downloaded
legislation,"Regulation on the approval, registration and notification of the activity of non-bank credit organizations, as well as the requirements regarding the transparency of their ownership structure, approved by the Decision of the Executive Board of the NBM No 99 on 2 May 2025 (in force since 8 June 2025)",https://www.bnm.md/en/content/regulation-approval-registration-and-notification-activity-non-bank-credit-organizations,https://www.bnm.md/files/REg.pdf,C:\Users\harab\Desktop\BNM_site_inventory\source_files\198__REg.pdf,652312,already_downloaded
legislation,"Regulation on the approval, registration and notification of the activity of non-bank credit organizations, as well as the requirements regarding the transparency of their ownership structure, approved by the Decision of the Executive Board of the NBM No 99 on 2 May 2025 (in force since 8 June 2025)",https://www.bnm.md/en/content/regulation-approval-registration-and-notification-activity-non-bank-credit-organizations,https://www.bnm.md/files/DEB_99-02_05_2025_Reg_NBCO (eng).docx,C:\Users\harab\Desktop\BNM_site_inventory\source_files\199__DEB_99-02_05_2025_Reg_NBCO (eng).docx,81234,downloaded
legislation,Regulation No 280 of 7 november 2024 on the requirements for the prevention and combating of money laundering and terrorism financing in the activity of non-bank financial institutions,https://www.bnm.md/en/content/regulation-no-280-7-november-2024-requirements-prevention-and-combating-money-laundering-and,https://www.bnm.md/files/DECISION No 280 of 7 November 2024 (1).pdf,C:\Users\harab\Desktop\BNM_site_inventory\source_files\200__DECISION No 280 of 7 November 2024 (1).pdf,175306,downloaded
legislation,Regulation No 280 of 7 november 2024 on the requirements for the prevention and combating of money laundering and terrorism financing in the activity of non-bank financial institutions,https://www.bnm.md/en/content/regulation-no-280-7-november-2024-requirements-prevention-and-combating-money-laundering-and,https://www.bnm.md/files/DECISION No 280 of 7 November 2024 (1).docx,C:\Users\harab\Desktop\BNM_site_inventory\source_files\201__DECISION No 280 of 7 November 2024 (1).docx,97676,downloaded
legislation,"Regulation on the classification of assets by non-bank credit organizations, approved by the Decision of the National Commission for Financial Markets No 60/4/2019",https://www.bnm.md/en/content/regulation-classification-assets-non-bank-credit-organizations-approved-decision-national,https://www.bnm.md/files/Reg_clasif_active_OCN_60_4 (en).pdf,C:\Users\harab\Desktop\BNM_site_inventory\source_files\202__Reg_clasif_active_OCN_60_4 (en).pdf,119078,downloaded
legislation,"Regulation on the classification of assets by non-bank credit organizations, approved by the Decision of the National Commission for Financial Markets No 60/4/2019",https://www.bnm.md/en/content/regulation-classification-assets-non-bank-credit-organizations-approved-decision-national,https://www.bnm.md/files/Reg_clasif_active_OCN_60_4 (en).docx,C:\Users\harab\Desktop\BNM_site_inventory\source_files\203__Reg_clasif_active_OCN_60_4 (en).docx,33254,downloaded
legislation,Decision of the NCFM on capital requirements for non-bank credit organizations No 58/1/2020,https://www.bnm.md/en/content/decision-capital-requirements-non-bank-credit-organizations-no-5812020,https://www.bnm.md/files/Dec_NCFM_capital_OCN_58-1-20 (en).pdf,C:\Users\harab\Desktop\BNM_site_inventory\source_files\204__Dec_NCFM_capital_OCN_58-1-20 (en).pdf,92073,downloaded
legislation,Decision of the NCFM on capital requirements for non-bank credit organizations No 58/1/2020,https://www.bnm.md/en/content/decision-capital-requirements-non-bank-credit-organizations-no-5812020,https://www.bnm.md/files/Dec_NCFM_capital_OCN_58-1-20 (en).docx,C:\Users\harab\Desktop\BNM_site_inventory\source_files\205__Dec_NCFM_capital_OCN_58-1-20 (en).docx,21845,downloaded
report,Annual Report 2024,https://www.bnm.md/en/content/annual-report-2024,https://www.bnm.md/files/Annual_Report_2024.pdf,C:\Users\harab\Desktop\BNM_site_inventory\source_files\206__Annual_Report_2024.pdf,7914608,already_downloaded
report,Annual Report 2023,https://www.bnm.md/en/content/annual-report-2023,https://www.bnm.md/files/Annual_Report_2023.pdf,C:\Users\harab\Desktop\BNM_site_inventory\source_files\207__Annual_Report_2023.pdf,7633292,already_downloaded
report,Annual Report 2022,https://www.bnm.md/en/content/annual-report-2022,https://www.bnm.md/files/Annual Report_2022_en.pdf,C:\Users\harab\Desktop\BNM_site_inventory\source_files\208__Annual Report_2022_en.pdf,30513112,downloaded
report,Annual Report 2021,https://www.bnm.md/en/content/annual-report-2021,https://www.bnm.md/files/Annual_Report_2021.pdf,C:\Users\harab\Desktop\BNM_site_inventory\source_files\209__Annual_Report_2021.pdf,16565102,already_downloaded
report,Annual Report 2020,https://www.bnm.md/en/content/annual-report-2020,https://www.bnm.md/files/Annual_Report_2020_1.pdf,C:\Users\harab\Desktop\BNM_site_inventory\source_files\210__Annual_Report_2020_1.pdf,18053488,already_downloaded
report,Annual Report 2019,https://www.bnm.md/en/content/annual-report-2019,https://www.bnm.md/files/Annual_Report_2019_1.pdf,C:\Users\harab\Desktop\BNM_site_inventory\source_files\211__Annual_Report_2019_1.pdf,15318994,already_downloaded
report,Annual Report 2018,https://www.bnm.md/en/content/annual-report-2018,https://www.bnm.md/files/Annual_Report_2018.pdf,C:\Users\harab\Desktop\BNM_site_inventory\source_files\212__Annual_Report_2018.pdf,13862089,already_downloaded
report,Annual Report 2017,https://www.bnm.md/en/content/annual-report-2017,https://www.bnm.md/files/RA_2017_en.pdf,C:\Users\harab\Desktop\BNM_site_inventory\source_files\213__RA_2017_en.pdf,7411157,already_downloaded
report,Annual Report 2016,https://www.bnm.md/en/content/annual-report-2016,https://www.bnm.md/files/RA_2016_EN_1.pdf,C:\Users\harab\Desktop\BNM_site_inventory\source_files\214__RA_2016_EN_1.pdf,5119864,already_downloaded
report,Annual Report 2015,https://www.bnm.md/en/content/raport-anual-2015,https://www.bnm.md/files/RA_2015_eng.pdf,C:\Users\harab\Desktop\BNM_site_inventory\source_files\215__RA_2015_eng.pdf,4237541,already_downloaded
report,Annual Report 2014,https://www.bnm.md/en/content/annual-report-2014,https://www.bnm.md/files/RA_main_eng.pdf,C:\Users\harab\Desktop\BNM_site_inventory\source_files\216__RA_main_eng.pdf,5862918,already_downloaded
report,Annual Report 2013,https://www.bnm.md/en/content/annual-report-2013,https://www.bnm.md/files/ra2013en.pdf,C:\Users\harab\Desktop\BNM_site_inventory\source_files\217__ra2013en.pdf,5928062,already_downloaded
report,Annual Report 2012,https://www.bnm.md/en/content/annual-report-2012,https://www.bnm.md/files/ra2012en.pdf,C:\Users\harab\Desktop\BNM_site_inventory\source_files\218__ra2012en.pdf,1620160,already_downloaded
report,Annual Report 2011,https://www.bnm.md/en/content/annual-report-2011,https://www.bnm.md/files/ra2011en.pdf,C:\Users\harab\Desktop\BNM_site_inventory\source_files\219__ra2011en.pdf,1333977,already_downloaded
report,Annual Report 2010,https://www.bnm.md/en/content/annual-report-2010,https://www.bnm.md/files/ra2010en.pdf,C:\Users\harab\Desktop\BNM_site_inventory\source_files\220__ra2010en.pdf,1047366,already_downloaded
report,Annual Report 2009,https://www.bnm.md/en/content/annual-report-2009,https://www.bnm.md/files/ra2009en.pdf,C:\Users\harab\Desktop\BNM_site_inventory\source_files\221__ra2009en.pdf,1067549,already_downloaded
report,Annual Report 2008,https://www.bnm.md/en/content/annual-report-2008,https://www.bnm.md/files/ra2008en.pdf,C:\Users\harab\Desktop\BNM_site_inventory\source_files\222__ra2008en.pdf,1036148,already_downloaded
report,Annual Report 2007,https://www.bnm.md/en/content/annual-report-2007-0,https://www.bnm.md/files/ra2007en.pdf,C:\Users\harab\Desktop\BNM_site_inventory\source_files\223__ra2007en.pdf,1430619,already_downloaded
report,Annual Report 2006,https://www.bnm.md/en/content/annual-report-2006,https://www.bnm.md/files/ra2006en.pdf,C:\Users\harab\Desktop\BNM_site_inventory\source_files\224__ra2006en.pdf,2563817,already_downloaded
report,Annual Report 2005,https://www.bnm.md/en/content/annual-report-2005,https://www.bnm.md/files/ra2005en.pdf,C:\Users\harab\Desktop\BNM_site_inventory\source_files\225__ra2005en.pdf,2966757,already_downloaded
report,Annual Report 2004,https://www.bnm.md/en/content/annual-report-2004,https://www.bnm.md/files/ra2004en.pdf,C:\Users\harab\Desktop\BNM_site_inventory\source_files\226__ra2004en.pdf,2377837,already_downloaded
report,Annual Report 2003,https://www.bnm.md/en/content/annual-report-2003,https://www.bnm.md/files/ra2003_en.pdf,C:\Users\harab\Desktop\BNM_site_inventory\source_files\227__ra2003_en.pdf,2355975,already_downloaded
report,Annual Report 2002,https://www.bnm.md/en/content/annual-report-2002,https://www.bnm.md/files/ra2002_en.pdf,C:\Users\harab\Desktop\BNM_site_inventory\source_files\228__ra2002_en.pdf,1998073,already_downloaded
report,Annual Report 2001,https://www.bnm.md/en/content/annual-report-2001,https://www.bnm.md/files/ra2001_en.pdf,C:\Users\harab\Desktop\BNM_site_inventory\source_files\229__ra2001_en.pdf,2206717,already_downloaded
report,Annual Report 2000,https://www.bnm.md/en/content/annual-report-2000,https://www.bnm.md/files/ra2000_en.pdf,C:\Users\harab\Desktop\BNM_site_inventory\source_files\230__ra2000_en.pdf,585032,already_downloaded
report,"Inflation Report, February 2026",https://www.bnm.md/en/content/inflation-report-february-2026,https://www.bnm.md/files/Inflation_report_february_2026.pdf,C:\Users\harab\Desktop\BNM_site_inventory\source_files\231__Inflation_report_february_2026.pdf,7102241,already_downloaded
report,"Inflation Report, February 2026",https://www.bnm.md/en/content/inflation-report-february-2026,https://www.bnm.md/files/Prezentare_RI_februarie_2026.pdf,C:\Users\harab\Desktop\BNM_site_inventory\source_files\232__Prezentare_RI_februarie_2026.pdf,3024481,already_downloaded
report,"Inflation Report, November 2025",https://www.bnm.md/en/content/inflation-report-november-2025,https://www.bnm.md/files/Inflation_Report_November_2025 (1).pdf,C:\Users\harab\Desktop\BNM_site_inventory\source_files\233__Inflation_Report_November_2025 (1).pdf,5343231,downloaded
report,"Inflation Report no. 3, 2025",https://www.bnm.md/en/content/inflation-report-no-3-2025,https://www.bnm.md/files/Inflation_Report_August_2025_ISBN.pdf,C:\Users\harab\Desktop\BNM_site_inventory\source_files\234__Inflation_Report_August_2025_ISBN.pdf,3628084,already_downloaded
report,"Inflation Report no. 3, 2025",https://www.bnm.md/en/content/inflation-report-no-3-2025,https://www.bnm.md/files/Prezentare_RI_august_2025_1.pdf,C:\Users\harab\Desktop\BNM_site_inventory\source_files\235__Prezentare_RI_august_2025_1.pdf,1523008,already_downloaded
report,"Inflation Report no. 2, 2025",https://www.bnm.md/en/content/inflation-report-no-2-2025,https://www.bnm.md/files/Inflation_Report_May_2025_ISBN.pdf,C:\Users\harab\Desktop\BNM_site_inventory\source_files\236__Inflation_Report_May_2025_ISBN.pdf,4536834,already_downloaded
report,"Inflation Report no. 2, 2025",https://www.bnm.md/en/content/inflation-report-no-2-2025,https://www.bnm.md/files/Prezentare_RI_mai_2025.pdf,C:\Users\harab\Desktop\BNM_site_inventory\source_files\237__Prezentare_RI_mai_2025.pdf,4121706,already_downloaded
report,"Inflation Report no. 1, 2025",https://www.bnm.md/en/content/inflation-report-no-1-2025,https://www.bnm.md/files/Inflation_Report_February_2025_ISBN.pdf,C:\Users\harab\Desktop\BNM_site_inventory\source_files\238__Inflation_Report_February_2025_ISBN.pdf,2457070,already_downloaded
report,"Inflation Report no. 1, 2025",https://www.bnm.md/en/content/inflation-report-no-1-2025,https://www.bnm.md/files/Prezentare_RI_februarie_2025.pdf,C:\Users\harab\Desktop\BNM_site_inventory\source_files\239__Prezentare_RI_februarie_2025.pdf,4059365,already_downloaded
report,"Inflation Report no. 4, 2024",https://www.bnm.md/en/content/inflation-report-no-4-2024,https://www.bnm.md/files/Inflation_Report_November_2024_ISBN.pdf,C:\Users\harab\Desktop\BNM_site_inventory\source_files\240__Inflation_Report_November_2024_ISBN.pdf,4734737,already_downloaded
report,"Inflation Report no. 3, 2024",https://www.bnm.md/en/content/inflation-report-no-3-2024,https://www.bnm.md/files/Inflation_Report_August_2024_ISBN.pdf,C:\Users\harab\Desktop\BNM_site_inventory\source_files\241__Inflation_Report_August_2024_ISBN.pdf,2532409,already_downloaded
report,"Inflation Report no. 2, 2024",https://www.bnm.md/en/content/inflation-report-no-2-2024,https://www.bnm.md/files/Inflation_Report_May_2024_ISBN.pdf,C:\Users\harab\Desktop\BNM_site_inventory\source_files\242__Inflation_Report_May_2024_ISBN.pdf,12427920,already_downloaded
report,"Inflation Report no. 1, 2024",https://www.bnm.md/en/content/inflation-report-no-1-2024,https://www.bnm.md/files/Inflation_Report_February_2024_ISBN.pdf,C:\Users\harab\Desktop\BNM_site_inventory\source_files\243__Inflation_Report_February_2024_ISBN.pdf,10596902,already_downloaded
report,"Inflation Report no. 4, 2023",https://www.bnm.md/en/content/inflation-report-no-4-2023,https://www.bnm.md/files/Inflation_Report_November_2023_1.pdf,C:\Users\harab\Desktop\BNM_site_inventory\source_files\244__Inflation_Report_November_2023_1.pdf,10617225,already_downloaded
report,"Inflation Report no. 3, 2023",https://www.bnm.md/en/content/inflation-report-no-3-2023,https://www.bnm.md/files/Inflation_Report_August_2023.pdf,C:\Users\harab\Desktop\BNM_site_inventory\source_files\245__Inflation_Report_August_2023.pdf,11483897,already_downloaded
report,"Inflation Report no. 2, 2023",https://www.bnm.md/en/content/inflation-report-no-2-2023,https://www.bnm.md/files/Inflation_Report_May_2023.pdf,C:\Users\harab\Desktop\BNM_site_inventory\source_files\246__Inflation_Report_May_2023.pdf,14302274,already_downloaded
report,"Inflation Report no. 1, 2023",https://www.bnm.md/en/content/inflation-report-no-1-2023,https://www.bnm.md/files/IR_February_2023 (1).pdf,C:\Users\harab\Desktop\BNM_site_inventory\source_files\247__IR_February_2023 (1).pdf,4437744,downloaded
report,"Inflation Report no. 4, 2022",https://www.bnm.md/en/content/inflation-report-no-4-november-2022,https://www.bnm.md/files/Inflation_Report_November_2022.pdf,C:\Users\harab\Desktop\BNM_site_inventory\source_files\248__Inflation_Report_November_2022.pdf,8179649,already_downloaded
report,"Inflation Report no. 3, 2022",https://www.bnm.md/en/content/video-presentation-inflation-report-no-3-august-2022,https://www.bnm.md/files/Inflation_Report_August_2022.pdf,C:\Users\harab\Desktop\BNM_site_inventory\source_files\249__Inflation_Report_August_2022.pdf,7818234,already_downloaded
report,"Inflation Report no. 2, 2022",https://www.bnm.md/en/content/inflation-report-nr-2-may-2022,https://www.bnm.md/files/IR_May_2022.pdf,C:\Users\harab\Desktop\BNM_site_inventory\source_files\250__IR_May_2022.pdf,7310901,already_downloaded
report,"Inflation Report no. 1, 2022",https://www.bnm.md/en/content/inflation-report-no-1-february-2022,https://www.bnm.md/files/IR_1_February_2022.pdf,C:\Users\harab\Desktop\BNM_site_inventory\source_files\251__IR_1_February_2022.pdf,5120062,already_downloaded
report,"Inflation Report no. 4, 2021",https://www.bnm.md/en/content/inflation-report-no-4-2021-has-been-published,https://www.bnm.md/files/IR_4_November_2021.pdf,C:\Users\harab\Desktop\BNM_site_inventory\source_files\252__IR_4_November_2021.pdf,5396916,already_downloaded
report,"Inflation Report no. 4, 2021",https://www.bnm.md/en/content/inflation-report-no-4-2021-has-been-published,https://www.bnm.md/files/RI_4_2021.pdf,C:\Users\harab\Desktop\BNM_site_inventory\source_files\253__RI_4_2021.pdf,5445945,already_downloaded
report,"Inflation Report no. 3, 2021",https://www.bnm.md/en/content/inflation-report-no3-august-2021,https://www.bnm.md/files/Inflation_Report_3_2021_2.pdf,C:\Users\harab\Desktop\BNM_site_inventory\source_files\254__Inflation_Report_3_2021_2.pdf,5309821,already_downloaded
report,"Inflation Report no. 3, 2021",https://www.bnm.md/en/content/inflation-report-no3-august-2021,https://www.bnm.md/files/Raport asupra inflatiei nr 3 6 august 2021- final.pdf,C:\Users\harab\Desktop\BNM_site_inventory\source_files\255__Raport asupra inflatiei nr 3 6 august 2021- final.pdf,3342209,downloaded
report,"Inflation Report no. 2, 2021",https://www.bnm.md/en/content/nbm-published-inflation-report-no2,https://www.bnm.md/files/IR_2_May_2021.pdf,C:\Users\harab\Desktop\BNM_site_inventory\source_files\256__IR_2_May_2021.pdf,7881192,already_downloaded
report,"Inflation Report no. 1, 2021",https://www.bnm.md/en/content/inflation-report-no1-february-2021,https://www.bnm.md/files/IR_1_February_2021.pdf,C:\Users\harab\Desktop\BNM_site_inventory\source_files\257__IR_1_February_2021.pdf,5830259,already_downloaded
report,"Inflation Report no. 4, 2020",https://www.bnm.md/en/content/inflation-report-no-4-2020,https://www.bnm.md/files/RI_4_noiembrie_2020_1.pdf,C:\Users\harab\Desktop\BNM_site_inventory\source_files\258__RI_4_noiembrie_2020_1.pdf,6987571,already_downloaded
report,"Inflation Report no. 3, 2020",https://www.bnm.md/en/content/inflation-report-no3-august-2020,https://www.bnm.md/files/RI_3_august_2020.pdf,C:\Users\harab\Desktop\BNM_site_inventory\source_files\259__RI_3_august_2020.pdf,6949510,already_downloaded
report,"Inflation Report no. 2, 2020",https://www.bnm.md/en/content/inflation-report-no2-may-2020,https://www.bnm.md/files/IR_2_May_2020.pdf,C:\Users\harab\Desktop\BNM_site_inventory\source_files\260__IR_2_May_2020.pdf,4708272,already_downloaded
report,"Inflation Report no. 1, 2020",https://www.bnm.md/en/content/inflation-report-no1-february-2020,https://www.bnm.md/files/IR_1_February_2020_1.pdf,C:\Users\harab\Desktop\BNM_site_inventory\source_files\261__IR_1_February_2020_1.pdf,4859165,already_downloaded
report,"Inflation Report no. 4, 2019",https://www.bnm.md/en/content/inflation-report-no4-november-2019,https://www.bnm.md/files/IR_4_November_2019.pdf,C:\Users\harab\Desktop\BNM_site_inventory\source_files\262__IR_4_November_2019.pdf,6623452,already_downloaded
report,"Inflation Report no. 3, 2019",https://www.bnm.md/en/content/inflation-report-no3-august-2019,https://www.bnm.md/files/IR_3_August_2019.pdf,C:\Users\harab\Desktop\BNM_site_inventory\source_files\263__IR_3_August_2019.pdf,6565648,already_downloaded
report,"Inflation Report no. 2, 2019",https://www.bnm.md/en/content/inflation-report-no2-may-2019,https://www.bnm.md/files/RI_2_May_2019_.pdf,C:\Users\harab\Desktop\BNM_site_inventory\source_files\264__RI_2_May_2019_.pdf,6721729,already_downloaded
report,"Inflation Report no. 2, 2019",https://www.bnm.md/en/content/inflation-report-no2-may-2019,https://www.bnm.md/files/Prezentare_BNM_16_MAI_2019.pdf,C:\Users\harab\Desktop\BNM_site_inventory\source_files\265__Prezentare_BNM_16_MAI_2019.pdf,2421805,already_downloaded
report,"Inflation Report no. 1, 2019",https://www.bnm.md/en/content/inflation-report-no1-february-2019,https://www.bnm.md/files/IR_1_2019.pdf,C:\Users\harab\Desktop\BNM_site_inventory\source_files\266__IR_1_2019.pdf,7026870,already_downloaded
report,"Inflation Report no. 1, 2019",https://www.bnm.md/en/content/inflation-report-no1-february-2019,https://www.bnm.md/files/Prezentare_BNM_13_FEBRUARIE_2019_.pdf,C:\Users\harab\Desktop\BNM_site_inventory\source_files\267__Prezentare_BNM_13_FEBRUARIE_2019_.pdf,2195925,already_downloaded
report,"Inflation Report no. 4, 2018",https://www.bnm.md/en/content/raport-asupra-inflatiei-nr-4-noiembrie-2018,https://www.bnm.md/files/RI_4_2018_en.pdf,C:\Users\harab\Desktop\BNM_site_inventory\source_files\268__RI_4_2018_en.pdf,6431836,already_downloaded
report,"Inflation Report no. 3, 2018",https://www.bnm.md/en/content/inflation-report-no-3-august-2018,https://www.bnm.md/files/IR_3_2018_en_fin.pdf,C:\Users\harab\Desktop\BNM_site_inventory\source_files\269__IR_3_2018_en_fin.pdf,3812062,already_downloaded
report,"Inflation Report no. 2, 2018",https://www.bnm.md/en/content/inflation-report-no-2-may-2018,https://www.bnm.md/files/RI_2_2018_eng.pdf,C:\Users\harab\Desktop\BNM_site_inventory\source_files\270__RI_2_2018_eng.pdf,4004488,already_downloaded
report,"Inflation Report no. 1, 2018",https://www.bnm.md/en/content/inflation-report-no-1-february-2018,https://www.bnm.md/files/IR_1_February_2018_1.pdf,C:\Users\harab\Desktop\BNM_site_inventory\source_files\271__IR_1_February_2018_1.pdf,2709790,already_downloaded
report,"Inflation Report no. 4, 2017",https://www.bnm.md/en/content/inflation-report-no-4-2-november-2017,https://www.bnm.md/files/RI_4_2017_EN.pdf,C:\Users\harab\Desktop\BNM_site_inventory\source_files\272__RI_4_2017_EN.pdf,2103614,already_downloaded
report,"Inflation Report no. 3, 2017",https://www.bnm.md/en/content/inflation-report-no-3-3-august-2017,https://www.bnm.md/files/ri_3_2017_en.pdf,C:\Users\harab\Desktop\BNM_site_inventory\source_files\273__ri_3_2017_en.pdf,1873901,already_downloaded
report,"Inflation Report no. 2, 2017",https://www.bnm.md/en/content/raport-asupra-inflatiei-nr-2-4-mai-2017,https://www.bnm.md/files/ri_2_mai_2017_en.pdf,C:\Users\harab\Desktop\BNM_site_inventory\source_files\274__ri_2_mai_2017_en.pdf,3296214,already_downloaded
report,"Inflation Report no. 1, 2017",https://www.bnm.md/en/content/inflation-report-no-1-february-2017,https://www.bnm.md/files/ri_1_2017_en_ISBN_mod.pdf,C:\Users\harab\Desktop\BNM_site_inventory\source_files\275__ri_1_2017_en_ISBN_mod.pdf,2457257,already_downloaded
report,"Inflation Report no. 4, 2016",https://www.bnm.md/en/content/inflation-report-no-4-october-2016,https://www.bnm.md/files/RI_4_2016_eng_2.pdf,C:\Users\harab\Desktop\BNM_site_inventory\source_files\276__RI_4_2016_eng_2.pdf,2010262,already_downloaded
report,"Inflation Report no. 3, 2016",https://www.bnm.md/en/content/raport-asupra-inflatiei-nr-3-august-2016,https://www.bnm.md/files/RI_3_2016_eng cu ISBN.pdf,C:\Users\harab\Desktop\BNM_site_inventory\source_files\277__RI_3_2016_eng cu ISBN.pdf,2208235,downloaded
report,"Inflation Report no. 2, 2016",https://www.bnm.md/en/content/inflation-report-no-2-may-2016,https://www.bnm.md/files/RI_2_2016_en.pdf,C:\Users\harab\Desktop\BNM_site_inventory\source_files\278__RI_2_2016_en.pdf,2070702,already_downloaded
report,"Inflation Report no. 1, 2016",https://www.bnm.md/en/content/inflation-report-no-4-february-2016,https://www.bnm.md/files/RI_1_2016_en.pdf,C:\Users\harab\Desktop\BNM_site_inventory\source_files\279__RI_1_2016_en.pdf,4847342,already_downloaded
report,"Inflation Report no. 4, 2015",https://www.bnm.md/en/content/inflation-report-no-4-november-2015,https://www.bnm.md/files/RI_4_2015_en.pdf,C:\Users\harab\Desktop\BNM_site_inventory\source_files\280__RI_4_2015_en.pdf,3737256,already_downloaded
report,"Inflation Report no. 3, 2015",https://www.bnm.md/en/content/inflation-report-no3-august-2015,https://www.bnm.md/files/RI_main_EN_nr3_2015.pdf,C:\Users\harab\Desktop\BNM_site_inventory\source_files\281__RI_main_EN_nr3_2015.pdf,3846895,already_downloaded
report,"Inflation Report no. 2, 2015",https://www.bnm.md/en/content/inflation-report-no2-may-2015,https://www.bnm.md/files/RI_2_2015_EN.pdf,C:\Users\harab\Desktop\BNM_site_inventory\source_files\282__RI_2_2015_EN.pdf,4045867,already_downloaded
report,"Inflation Report no. 1, 2015",https://www.bnm.md/en/content/inflation-report-no1-february-2015,https://www.bnm.md/files/feb_en2015.pdf,C:\Users\harab\Desktop\BNM_site_inventory\source_files\283__feb_en2015.pdf,5144948,already_downloaded
report,"Inflation Report no. 4, 2014",https://www.bnm.md/en/content/inflation-report-no4-november-2014,https://www.bnm.md/files/nov_en2014.pdf,C:\Users\harab\Desktop\BNM_site_inventory\source_files\284__nov_en2014.pdf,4739611,already_downloaded
report,"Inflation Report no. 3, 2014",https://www.bnm.md/en/content/inflation-report-no3-august-2014,https://www.bnm.md/files/aug_en2014.pdf,C:\Users\harab\Desktop\BNM_site_inventory\source_files\285__aug_en2014.pdf,2448077,already_downloaded
report,"Inflation Report no. 2, 2014",https://www.bnm.md/en/content/inflation-report-no2-may-2014,https://www.bnm.md/files/RI_2_2014_EN_1.pdf,C:\Users\harab\Desktop\BNM_site_inventory\source_files\286__RI_2_2014_EN_1.pdf,2976494,already_downloaded
report,"Inflation Report no. 1, 2014",https://www.bnm.md/en/content/inflation-report-no1-february-2014,https://www.bnm.md/files/feb_en2014.pdf,C:\Users\harab\Desktop\BNM_site_inventory\source_files\287__feb_en2014.pdf,870148,already_downloaded
report,"Inflation Report no. 4, 2013",https://www.bnm.md/en/content/inflation-report-no4-november-2013,https://www.bnm.md/files/nov_2013.pdf,C:\Users\harab\Desktop\BNM_site_inventory\source_files\288__nov_2013.pdf,870602,already_downloaded
report,"Inflation Report no. 3, 2013",https://www.bnm.md/en/content/inflation-report-no3-august-2013,https://www.bnm.md/files/aug_2013.pdf,C:\Users\harab\Desktop\BNM_site_inventory\source_files\289__aug_2013.pdf,855336,already_downloaded
report,"Inflation Report no. 2, 2013",https://www.bnm.md/en/content/inflation-report-no2-may-2013,https://www.bnm.md/files/may_2013.pdf,C:\Users\harab\Desktop\BNM_site_inventory\source_files\290__may_2013.pdf,845466,already_downloaded
report,"Inflation Report no. 1, 2013",https://www.bnm.md/en/content/inflation-report-no1-february-2013,https://www.bnm.md/files/feb_2013.pdf,C:\Users\harab\Desktop\BNM_site_inventory\source_files\291__feb_2013.pdf,746434,already_downloaded
report,"Inflation Report no. 4, 2012",https://www.bnm.md/en/content/inflation-report-no4-november-2012,https://www.bnm.md/files/nov_2012.pdf,C:\Users\harab\Desktop\BNM_site_inventory\source_files\292__nov_2012.pdf,922824,already_downloaded
report,"Inflation Report no. 3, 2012",https://www.bnm.md/en/content/inflation-report-no3-august-2012,https://www.bnm.md/files/aug_2012.pdf,C:\Users\harab\Desktop\BNM_site_inventory\source_files\293__aug_2012.pdf,851849,already_downloaded
report,"Inflation Report no. 2, 2012",https://www.bnm.md/en/content/inflation-report-no2-may-2012,https://www.bnm.md/files/may_2012.pdf,C:\Users\harab\Desktop\BNM_site_inventory\source_files\294__may_2012.pdf,881402,already_downloaded
report,"Inflation Report no. 1, 2012",https://www.bnm.md/en/content/inflation-report-no-1-february-2012,https://www.bnm.md/files/feb_2012.pdf,C:\Users\harab\Desktop\BNM_site_inventory\source_files\295__feb_2012.pdf,753961,already_downloaded
report,"Inflation Report no. 4, 2011",https://www.bnm.md/en/content/inflation-report-no-4-november-2011,https://www.bnm.md/files/nov_2011.pdf,C:\Users\harab\Desktop\BNM_site_inventory\source_files\296__nov_2011.pdf,758353,already_downloaded
report,"Inflation Report no. 3, 2011",https://www.bnm.md/en/content/inflation-report-no-3-august-2011,https://www.bnm.md/files/aug_2011.pdf,C:\Users\harab\Desktop\BNM_site_inventory\source_files\297__aug_2011.pdf,1515222,already_downloaded
report,"Inflation Report no. 2, 2011",https://www.bnm.md/en/content/inflation-report-no-2-may-2011,https://www.bnm.md/files/may_2011.pdf,C:\Users\harab\Desktop\BNM_site_inventory\source_files\298__may_2011.pdf,1292640,already_downloaded
report,"Inflation Report no. 1, 2011",https://www.bnm.md/en/content/inflation-report-no1-2011,https://www.bnm.md/files/1_2011_en.pdf,C:\Users\harab\Desktop\BNM_site_inventory\source_files\299__1_2011_en.pdf,1156623,already_downloaded
report,Financial Stability Report for 2024,https://www.bnm.md/en/content/financial-stability-report-2024,https://www.bnm.md/files/Financial Stability Report 2024.pdf,C:\Users\harab\Desktop\BNM_site_inventory\source_files\300__Financial Stability Report 2024.pdf,2220625,downloaded
report,Financial Stability Report for 2023,https://www.bnm.md/en/content/financial-stability-report-2023,https://www.bnm.md/files/Financial Stability Report for 2023.pdf,C:\Users\harab\Desktop\BNM_site_inventory\source_files\301__Financial Stability Report for 2023.pdf,2030118,downloaded
report,Financial Stability Report for 2022,https://www.bnm.md/en/content/raportul-asupra-stabilitatii-financiare-2022,https://www.bnm.md/files/RSF_2022_EN_v1.pdf,C:\Users\harab\Desktop\BNM_site_inventory\source_files\302__RSF_2022_EN_v1.pdf,1956562,already_downloaded
report,Financial Stability Report for 2021,https://www.bnm.md/en/content/financial-stability-report-2021,https://www.bnm.md/files/RSF-2021_ENG.pdf,C:\Users\harab\Desktop\BNM_site_inventory\source_files\303__RSF-2021_ENG.pdf,2418140,already_downloaded
report,Financial Stability Report for 2020,https://www.bnm.md/en/content/financial-stability-report-2020,https://www.bnm.md/files/RSF-2020_EN.pdf,C:\Users\harab\Desktop\BNM_site_inventory\source_files\304__RSF-2020_EN.pdf,2566702,already_downloaded
report,Financial Stability Report for 2019,https://www.bnm.md/en/content/financial-stability-report-2019,https://www.bnm.md/files/RSF-2019_eng.pdf,C:\Users\harab\Desktop\BNM_site_inventory\source_files\305__RSF-2019_eng.pdf,1770135,already_downloaded
report,Financial Stability Report for 2018,https://www.bnm.md/en/content/financial-stability-report-2018,https://www.bnm.md/files/RSF-2018_publicare_EN.pdf,C:\Users\harab\Desktop\BNM_site_inventory\source_files\306__RSF-2018_publicare_EN.pdf,2037288,already_downloaded
